,,,,,POWER SUPPLY PROJECTS LIMITED ,,,Asset Types,,,,,,
,,,,,UNITS 12 & 13 MALLARD COURT ,,,Computer,1,33%,,,,
,,,,,CREWE BUSINESS PARK ,,,Plant,2,33%,,,,
,,,,,CREWE ,,,Fixtures Fittings & Equipment,3,20%,,,,
,,,,,CHESHIRE ,,,Vehicles,4,25%,,,,
,,,,,CW1 6ZQ ,,,,,,,,,
,,,,,Telephone :- 01270 588765 ,,,,,,,,,
,ASSET REGISTER,,,,,,,,,,,,,
,,,,,,,,,,,,,,
Asset Description (Including Manufacturer/Model),Asset ID Number,Asset Type,Purchase Date,Purchase Price £,Supplier,Comments,,,,,,,,
,,,,,,,,,,,,,,
1 x Acer Aspire 5735 Laptop (DSR),OOO1,1,Oct-09, $365.19 ,Ebuyer,,,,,,,,,
1 x Acer Aspire 5735 Laptop (MJP),OOO2,1,Oct-09, $365.19 ,Ebuyer,,,,,,,,,
1 x Draytek Vigor 2820 ADSL2 + Router Firewall 3 x 10/1,OOO3,1,Jan-10, $154.16 ,WWW.Redstone.com,,,,,,,,,
1 x Acer Desktop Veriton M265 Core 2 (TW),OOO4,1,Jan-10, $390.97 ,Acer Buy It Direct,,,,,,,,,
1 x Acer Aspire 5732Z Laptop (RF),OOO6,1,Jan-10, $331.90 ,Ebuyer,,,,,,,,,
"1 x Acer Monitor X233HMC-X3 Series 23""(TW)",OOO5,1,Jan-10, $139.97 ,Acer Buy It Direct,,,,,,,,,
1 x Microsoft 2007 Office Package,OOO7,1,Jan-10, $229.40 ,Ebuyer,,,,,,,,,
1 x Microsoft 2007 Office Package,OOO8,1,Jan-10, $229.40 ,Ebuyer,,,,,,,,,
1 x Buffalo Linkstation ProDuo Shared Network Storage,OOO9,1,Jan-10, $145.56 ,Ebuyer,,,,,,,,,
1 x Netgear Pro Safe JP5516 16 port Rockmount Switch,OO10,1,Jan-10, $40.77 ,Ebuyer,,,,,,,,,
1 x Buffalo Ministation lite 500GB Portable Hard Drive 1,OO11,1,Jan-10, $64.01 ,Ebuyer,,,,,,,,,
1 x Buffalo Ministation lite 500GB Portable Hard Drive 2,OO12,1,Jan-10, $64.01 ,Ebuyer,,,,,,,,,
1 x HP Colour Laserjet CM2320nf Printer,OO13,1,Jan-10, $460.64 ,Ebuyer,,,,,,,,,
1 x Nokia 5800 (07534 096158 D. Russell),,3,Oct-09, $326.00 ,T-Mobile,,,,,,,,,
1 x Nokia 5800 (07534 096159 M. Platt),,3,Oct-09, $326.00 ,T-Mobile,,,,,,,,,
PAN2TC 48 way Catse RJ45 through coupier Panel,OO14,1,Feb-10, $70.00 ,Comms Express,,,,,,,,,
Data Cabinet - FS1866 18u 600mmx600mm Prism (Grey) + FSM 2 x 400mm Modem Shelves,OO15,1,Feb-10, $301.20 ,Comms Express,,,,,,,,,
Hewlett Packard Deskjet 1220C,OO16,1,Feb-10, $50.00 ,Donated,Asset no longer working,,,,,,,,
Office telephones: 1 x BT Versatility Digital CCU Package/ 2 x !SDN 2E Digital Line Cards/ 4 x BT Versatility V8 Digital Handsets(Black)/ 1 x 2 Port Voicemail/Auto Attendant Card,,3,Feb-10, $934.13 ,Birmingham Telecom,,,,,,,,,
Panasonic NN5455 Microwave,OO17,3,Feb-10, $150.00 ,Donated,,,,,,,,,
Office Furniture: 9 Radial desks/6 screens/7 Extra High Back Operator Chairs/2 High Back Executive Chairs/4 Meeting Armchairs/1 Meeting Table/5 Modular Seating Unit/1 Modular table unit/1 glass coffee table/2 Beech Double Door Storage Units 720mm/7 Beech 1600mm Storage Units/2 Beech 2000mm Storage Units.,,3,Feb-10," $5,247.55 ",Eclipse,,,,,,,,,
1 x Nokia 5800 (07534 142787 - R. Fowler),,3,Feb-10, $326.00 ,T-Mobile,,,,,,,,,
1 x Acer Desktop  Veriton M265 Pentium (DKT),OO18,1,Apr-10, $359.97 ,Acer Buy It Direct,,,,,,,,,
1 x Monitor Acer X193HQL6 (DKT),OO19,1,Apr-10, $104.97 ,Acer Buy It Direct,,,,,,,,,
"1 x FPP Office Standard 2007, Word, Excel, Powerpoint, Outlook, Full Version CD",,1,Apr-10, $229.76 ,Acer Buy It Direct,,,,,,,,,
1 x Fire Extinguisher - ABC Powder 6KG,OO20,3,Apr-10, $82.17 ,Seton,,,,,,,,,
1 x Fire Extinguisher - ABC Powder 6KG,OO21,3,Apr-10, $82.17 ,Seton,,,,,,,,,
1 x Fire Extinguisher Stand FRE 49,OO22,3,Apr-10, $53.88 ,Seton,,,,,,,,,
1 x Fire Extinguisher Stand FRE 49,OO23,3,Apr-10, $53.88 ,Seton,,,,,,,,,
1 x Fridge - Proline,OO24,3,Apr-10, $99.99 ,Comet Group,,,,,,,,,
1 x Acer Aspire 5732Z Laptop (DH),OO25,1,May-10, $339.56 ,Ebuyer,,,,,,,,,
1 x Acer Aspire 5732Z Laptop (JM),OO26,1,May-10, $339.56 ,Ebuyer,,,,,,,,,
1 x Microsoft 2007 Office Package,,1,May-10, $226.72 ,Ebuyer,,,,,,,,,
1 x Microsoft 2007 Office Package,,1,May-10, $226.72 ,Ebuyer,,,,,,,,,
Natty Coat Stand Beech Wood,OO27,3,May-10, $46.99 ,Genite.com,,,,,,,,,
Relay: P4388402192MZ00E09(Model);Variant P438-84902192-301-402-605-708; Serial 2748208/08/07,OO28,1,Feb-10," $6,000.00 ",Donated,,,,,,,,,
6 Vertical Blinds,,3,May-10, $330.00 ,Amanda for Blinds,,,,,,,,,
Dymo Electronic LabelPoint 250 Label Maker,OO29,3,May-10, $50.00 ,Donated,,,,,,,,,
1 x Nokia 5800 (07535 995271 Jim Moreland),,3,May-10, $326.00 ,T Mobile,,,,,,,,,
1 x Nokia 5800 (07535 995272 Darryl Hackett),,3,May-10, $326.00 ,T Mobile,,,,,,,,,
1 x IBM T23 Laptop,OO30,1,Jul-10, $250.00 ,Donated,,,,,,,,,
1 x Acer M3800 Tower Desktop (T. Barlow),OO32,1,Aug-10, $439.65 ,,,,,,,,,,
"1 x LG 22"" Widescreen Full HD LED Monitor",OO33,1,Aug-10, $123.97 ,,,,,,,,,,
1 x MS Office Home & Bus. 2010 FPP 32/64 T5D-00159,OO34,1,Aug-10, $209.12 ,,,,,,,,,,
Harting 09 99 0000021 Crimp Tool (Bushey),OO35,2,Oct-10, $92.00 ,,OP - QUARANTINE,,,,,,,,
Crimping Tool AMP 7100779,OO39,2,Nov-10, $100.00 ,Gifted,,,OP - QUARANTINE,,,,,,
Connex Termination Kit (Bushey),OO40,2,Oct-10," $1,468.13 ",Pfisterer,OP ,,,,,,,,
"GB-LM20 Compl.Installation set with cable Sheath stripper,spare tool, peel tool",OO41,2,Oct-10, $605.47 ,Pfisterer,OP,,,,,,,,
Fan Heater NF20-06AJ (05226382),OO42,3,Nov-10, $24.98 ,B&Q,,,,,,,,,
Fan Heater NF20-06AJ (05226382),OO43,3,Nov-10, $24.98 ,B&Q,,,,,,,,,
Fan Heater NF20-06AJ (05226382),OO44,3,Nov-10, $24.98 ,B&Q,,,,,,,,,
Hi Speed USB to 2 Port + Adaptor with case,OO45,1,Nov-10, $82.12 ,Easysync Ltd,,,,,,,,,
Ryman Laminator,OO47,3,Dec-10, $30.00 ,Rymans,Asset Disposed Pre 2014,,,,,,,,
Fellowes Shredder DS 1 Cross cut,OO48,3,Dec-10, $70.00 ,Staples Direct,,,,,,,,,
TYCO Stripping Tool Set HVIASTRIPPER3590,OO49,2,Jan-11," $1,063.00 ",Cable Services ,OP,,,,,,,,
25Kv O/H Live Line Tester -LLT215,OO51,2,Feb-11," $1,300.00 ",Carillion Construction,OP,,,,,,,,
25Kv O/H Live Line Tester Meter Proving Unit,OO52,2,Feb-11, $120.00 ,Carillion Construction,OP,,,,,,,,
AUS Live Line Primary Pole Set (OLE Tools):- consisting of:-serial nos:14205/11224/14204/14203/10770/AUSP1159 &AUSP331,OO53,2,Jan-11, $700.00 ,Carillion Construction,,,OP,,,,,,
Chauvin Arnoux mini clamp adaptor - serial 145970,OO56,2,Feb-11, $50.00 ,Gifted,J.MORELAND,,,,,,,,
Kyoritsu Mini Clamp adaptor Model 8112 - Serial W0244059/ 1080844581,OO58,2,Feb-11, $50.00 ,Gifted,J.MORELAND,,,,,,,,
Acer Veriton Desktop M275 Dual Core E5500 (VT) ,OO60,1,Mar-11, $291.64 ,Acer Direct,Dispsed Of,,,,,,,,
Acer Monitor S191HQLBD,OO61,1,Mar-11, $85.81 ,Acer Direct,,,,,,,,,
Buffalo 1TB Portable Hard Drive S N75570307004055,OO62,1,Mar-11, $62.49 ,Ebuyer (UK) Ltd,,,,,,,,,
Buffalo 1TB Portable Hard Drive SN75570305013011,OO63,1,Mar-11, $62.49 ,Ebuyer (UK) Ltd,,,,,,,,,
25kV Voltage Test Bushing,OO68,2,Aug-10," $2,288.00 ",Jointing Technologies,OP,,,,,,,,
25kV Current Test Bushing,OO69,2,Aug-10, $307.00 ,Jointing Technologies,OP,,,,,,,,
Brother MFC 6490 CW Colour Inkjet Printer with fax,OO70,1,Apr-11, $165.00 ,Ebuyer (UK) Ltd,Asset onsite - Not Usable,,,,,,,,
HP Laserjet Pro CP1525n Colour Network Lase Printer with ePrint,OO71,1,Jun-11, $130.51 ,Ebuyer (UK) Ltd,,,,,,,,,
Fluke Phase Rotation Indicator9040 13200077 2010 (JM),OO72,2,Jun-11, $160.00 ,donated,OP ,,,,,,,,
Ryman Laminator - 1228053963,OO73,1,Jul-11, $35.99 ,Rymans,Asset Disposed Pre 2014,,,,,,,,
GIOTS Prysmian Crimping Tool (replacement for OO64 - ,OO74,2,Aug-11, $434.00 ,Cable Services Group,OP,,,,,,,,
"Fluke 83 Multimeter Patent No 4,940,204",OO75,2,Aug-11, $-   ,Belongs to JM,J.MORELAND,,,,,,,,
Cannon ImagePROGRAF IPF605 Large Format Network Colour Inkjet Printer,OO78,1,Aug-11, $808.00 ,Ebuyer,,,,,,,,,
Cannon Printer Stand for IPF605,OO79,1,Aug-11, $256.65 ,Ebuyer,,,,,,,,,
"LG22"" Full HD SMS Black LED Monitor (SP)",OO80,1,Aug-11, $90.00 ,Ebuyer,,,,,,,,,
"LG22"" Full HD SMS Black LED Monitor (AL)",OO81,1,Aug-11, $90.00 ,Ebuyer,,,,,,,,,
Acer Aspire M3800 MT Desktop (SP),OO82,1,Aug-11, $284.00 ,E buyer,,,,,,,,,
Acer Aspire M3800 MT Desktop (AL),OO83,1,Aug-11, $284.00 ,Ebuyer,,,,,,,,,
Microsoft Office Home & Bus. 2010,OO84,1,Aug-11, $149.00 ,Ebuyer,,,,,,,,,
Microsoft Office Home & Bus. 2010,OO85,1,Aug-11, $149.00 ,Ebuyer,,,,,,,,,
Microsoft Project Standard 2010,OO86,1,Aug-11, $431.00 ,E buyer,,,,,,,,,
Prism Data Cabinet Grey FS1866,OO87,1,Aug-11, $226.00 ,Comms Express,,,,,,,,,
Brother MFC 6490CW Wireless Network all-in one multifunction Colour Inkjet printer with fax,OO88,1,Aug-11, $142.07 ,Ebuyer,,,,,,,,,
Dahle Professional Trimmer A1,OO89,3,Aug-11, $209.24 ,D&G Office Supplies,,,,,,,,,
Office Furniture & meeting room as per Quotation 110711 - Ground Floor Mallard Court,OO90,3,Aug-11," $5,784.00 ",Knightstor Ltd,,,,,,,,,
Fridge (Ground Floor),OO92,3,Aug-11, $80.00 ,Asda Direct,,,,,,,,,
Microwave (Ground Floor),OO93,3,Aug-11, $25.00 ,Asda Direct,,,,,,,,,
Buffalo 1TB Portable Hard Drive ,OO94,1,Jan-12, $86.00 ,E-Buyer,,,,,,,,,
Megger MIT220 Insulation Tester EN101111383,OO95,2,Jan-12, $189.00 ,Acute Sales Ltd,OP - QUARANTINE,,,,,,,,
Acer Laptop 5733 S. McKenzie given to PG - NXRN5EK002216071B83400,OO98,1,Jun-12, $350.00 ,Ebuyer,,,,,,,,,
Brother MFC J6910 Printer,OO99,1,Oct-12, $250.00 ,Ebuyer,,,,,,,,,
Kestrel 1000 Pocket Anemometer KES1000 - Serial No: 1915089,OO101,2,Nov-12, $95.00 ,Flightstore,OP,,,,,,,,
OMICRON CMC156-4 test set Serial No: CK947C,OO102,2,Feb-13,,On loan from Carillion,OP ,,,,,,,,
HV AC Test Set: 3 parts - 2352751001,OO103,2,Jan-13,,belongs to NB,OP,,,,,,,,
Fluke Multimeter 189  (with Leads) - 94060131,OO104,2,Jan-13,,belongs to NB,N.BEERE,,,,,,,,
BM403 Megger Insulation tester (with Leads) - 9407331108,OO105,2,Jan-13,,Belongs to NB,N.BEERE,,,,,,,,
Robin Clamp Meter and adaptor  (with Leads) 3370275,OO106,2,Jan-13,,Belongs to NB,N.BEERE,,,,,,,,
Megger MIT 520 5KV Megger  (with Leads) 060906/1240,OO107,2,Jan-13,,Belongs to NB,J.MORELAND,,,,,,,,
Megger Multifunction Tester (with Leads) 080308/5260,OO108,2,Jan-13,,Belongs to NB,N.BEERE,,,,,,,,
Megger DET 4TC 2 Earth Tester and Clamps (396076 and 369078),OO109,2,Jan-13,,Belongs to NB,N.BEERE,,,,,,,,
Sverker 760 Secondary Injection Tester-Relay test unit (with leads),OO110,2,Jan-13,,Belongs to NB,OP,,,,,,,,
10M 110V Extension Lead,OO115,2,Store Feb 2013,,,LOST,,,,,,,,
18V Dewalt Battery Hoover,OO116,2,Store Feb 2013,,,STOLEN,,,,,,,,
Small Diameter Stripping Tool P20,OO119,2,Store Feb 2013,,,OP,,,,,,,,
110V Dewalt Grinder,OO120,2,Store Feb 2013,,,T.OGDEN - B73,,,,,,,,
Portable Heater,OO122,2,Store Feb 2013,,,OP - QUARANTINE,,,,,,,,
Toughcon Hand Crimp Tool for 16-26 AWG - Serial No: WT 10-01,OO124,2,"April, 2013", $256.00 ,Carlton Distribution PO000481,OP - QUARANTINE,,,,,,,,
Fuji Finepix JZ200 Camera - 2TL09440,OO125,3,May-13, $110.00 ,RS Components,,,,,,,,,
Fuji Finepix JZ200 Camera - 2TL09438,OO126,3,May-13, $110.00 ,RS Components,,,,,,,,,
V/W Caddy Van - DU10 LVV,,4,Mar-13," $6,799.00 ",,,,,,,,,,
Transit 85 T280M - BK60 PLV,,4,May-13," $9,700.00 ",,,,,,,,,,
Label Station PRO300 Printer :T433140218,OO129,1,Jul-13, $499.00 ,Advanced Labelling,,,,,,,,,
Zoostorm Desktop PC-ST-349571,OO130,1,Aug-13, $576.00 ,Ebuyer.com,,,,,,,,,
Zoostorm Desktop PC - ST-349572,OO131,1,Aug-13, $576.00 ,Ebuyer.com,,,,,,,,,
Microsoft Office Home & Bus. 2013 x2,OO132,1,Aug-13, $291.80 ,Ebuyer.com,,,,,,,,,
Ministation 3tb Black - back up 001,OO133,1,Sep-13, $167.91 ,Ebuyer.com,,,,,,,,,
Ministation 3tb Black - back up 002,OO134,1,Sep-13, $167.91 ,Ebuyer.com,,,,,,,,,
Acer Aspire Desktop (NH),OO135,1,Sep-13, $205.00 ,Ebuyer.com,,,,,,,,,
LG Monitor 21.5' (DKT),OO136,1,Sep-13, $70.82 ,Ebuyer.com,,,,,,,,,
LG Monitor 21.5' (VT),OO137,1,Sep-13, $70.82 ,Ebuyer.com,,,,,,,,,
LG Monitor 21.5' (NH),OO138,1,Sep-13, $70.82 ,Ebuyer.com,,,,,,,,,
Stanley Measuring Wheel Digital MPN 1-77-176,OO139,2,Sep-13, $106.00 ,RS components,OP,,,,,,,,
A3 Laminator,OO140,3,Nov-13, $35.00 ,Britannia Office Supplies,,,,,,,,,
75KV Pressure Test Set (Controller) 2327527001,OO143,2,Nov-13, $-   ,Gifted,OP - QUARANTINE,,,,,,,,
80KV Test Set 0429/07,OO144,2,Nov-13, $-   ,Gifted,OP,,,,,,,,
Omicron CMC 151 single phase test  Power Supply AJ160B,OO145,2,Nov-13, $-   ,Gifted,OP - QUARANTINE,,,,,,,,
Megger 5KV Insulator Tester MIT510 - EN/071007/3118,OO146,2,Nov-13, $-   ,Gifted,N.BEERE,,,,,,,,
Primary Set Leads 4TEO 632,OO147,2,Nov-13, $-   ,Gifted,OP - QUARANTINE,,,,,,,,
Pressure Test Transformer 75KV 2327532001,OO148,2,Nov-13, $-   ,Gifted,OP - QUARANTINE,,,,,,,,
HV Test Set 80KV (Poles),OO149,2,Nov-13, $-   ,Gifted,OP,,,,,,,,
75KV Pressure Test Leads,OO150,2,Nov-13, $-   ,Gifted,LOST - (PART OF KIT),,,,,,,,
T+R Test Equipment MK5 Control Unit 4TEO632,OO151,2,Nov-13, $-   ,Gifted,OP - QUARANTINE,,,,,,,,
T+R Test Equipment MK2 Transformer 1TEO 640,OO152,2,Nov-13, $-   ,Gifted,OP - QUARANTINE,,,,,,,,
80KV HV Unit 0429/07,OO153,2,Nov-13, $-   ,Gifted,OP,,,,,,,,
25m Orange Leads,OO155,2,Nov-13, $-   ,Gifted,OP - QUARANTINE,,,,,,,,
30m Orange Leads,OO156,2,Nov-13, $-   ,Gifted,OP - QUARANTINE,,,,,,,,
"LLT. Live Line Tester Metrohm, Proving Unit - 0203330, Pole Unit - 0203322, Pole - 0203276, Pole - 0203223",OO157,2,Nov-13, $-   ,Gifted,B.WARD,,,,,,,,
WLL IT - 1932337 EWL 2m I&P Lifting Gear Polyester PES EN1492-2:2000,OO158,2,Nov-13, $11.50 ,I&P Lifting Gear,INSPECTION,,,,,,,,
WLL IT - 1932336 EWL 2m I&P Lifting Gear Polyester PES EN1492-2:2001,OO159,2,Nov-13, $11.50 ,I&P Lifting Gear,INSPECTION,,,,,,,,
WLL IT - 1932327 EWL 1m I&P Lifting Gear Polyester PES EN1492-2:2002,OO160,2,Nov-13, $7.50 ,I&P Lifting Gear,INSPECTION,,,,,,,,
WLL IT - 1932323 EWL 1m I&P Lifting Gear Polyester PES EN1492-2:2003,OO161,2,Nov-13, $7.50 ,I&P Lifting Gear,INSPECTION,,,,,,,,
Storage Cupboard (Design - Crewe),?????,3,Nov-13, $350.00 ,Eclipse,,,,,,,,,
"Crane - Seriel No 29C0460, Model URW095CR",OO162,2,Nov-13, $-   ,GGR Group,INSPECTION,,,,,,,,
"High Tensile Large Bow Shackles 3/4"" Body x 7/8"" Pin Seriel No VBSCY65 A + C",OO163,2,Nov-13, $8.20 ,I&P Lifting Gear,INSPECTION,,,,,,,,
"High Tensile Large Bow Shackles 3/4"" Body x 7/8"" Pin Seriel No B62",OO164,2,Nov-13, $8.20 ,I&P Lifting Gear,INSPECTION,,,,,,,,
DMO 200 Ducter  Tester,OO170,2,Feb-14," $4,116.25 ",Test & Measurement Hire Ltd,OP,,,,,,,,
Zoostorm PC + Monitor,?????,1,Feb-14, $408.30 ,,,,,,,,,,
DMO 200 Ductor Tester - Keyboard & Cables (To be kept with OO170),OO171,2,Feb-14, $-   ,Test & Measurement Hire Ltd (Included in the above),OP,,,,,,,,
"LG 24"" LED HDMI Monitor",OO174,1,Mar-14, $99.98 ,Ebuyer.com,,,,,,,,,
Acer Travelmate P253-M Laptop Windows 7&8,OO175,1,Mar-14, $387.91 ,Ebuyer.com,,,,,,,,,
Acer Travelmate P253-M Laptop Windows 7&8,OO176,1,Mar-14, $387.91 ,Ebuyer.com,,,,,,,,,
Acer Travelmate P253-M Laptop Windows 7&8,OO177,1,Mar-14, $387.91 ,Ebuyer.com,,,,,,,,,
"Monitor LG 24EN33B 24"" LED HDMI",OO178,1,Mar-14, $99.98 ,Ebuyer.com,,,,,,,,,
Zoo Storm desktop PC - VT,OO179,1,Mar-14, $308.32 ,Ebuyer.com,,,,,,,,,
TC120 CEMBRE Hyraulic Cutting Head - 08EX144,OO180,2,May-14, $882.00 ,Jointing Technologies,OP,,,,,,,,
"PO7000 CEMBRE Footpump, Hose & Case - 13AI155",OO181,2,May-14, $616.00 ,Jointing Technologies,OP,,,,,,,,
LCD Projector,OO182,3,May-14, $303.98 ,Ebuyer.com,,,,,,,,,
Ford Transit - HJ61 PXO,OO183,4,May-14," $9,300.00 ",DBMC Ltd,,,,,,,,,
Evolution Rage 1B 185mm Multipurpose Cicular Saw 110v,OO184,2,May-14, $83.33 ,ScrewFix,OP,,,,,,,,
Portable Transformer with 2 Output Sockets 3kVA,OO185,2,May-14, $52.90 ,ScrewFix,T.OGDEN - B73,,,,,,,,
Megger Earth Tester - 1061M91161,OO186,2,Jul-14, $-   ,Owned by Benny,B.WARD,,,,,,,,
Fridge (York Office) - 555104 CUE CUL55W12,OO189,3,Aug-14, $119.99 ,Currys PC World,,,,,,,,,
Kitchen Cupboard (York),?????,3,Aug-14, $104.38 ,B&Q,,,,,,,,,
Office Furniture (York),?????,3,Aug-14," $3,886.00 ",Eclipse,,,,,,,,,
Kettle (York Office) - JKRBP13,OO190,3,Aug-14, $12.50 ,Tesco,,,,,,,,,
Microwave (York Office) - MTO8,OO191,3,Sep-14, $39.50 ,Tesco,,,,,,,,,
PSP Laptops-NXV7EK03040825A723400 - RH,OO192,1,Aug-14, $345.83 ,Ebuyer.com,,,,,,,,,
PSP Laptops-NXV7EK03040825BB13400 - MH,OO193,1,Aug-14, $345.83 ,Ebuyer.com,,,,,,,,,
PSP Laptops-NXV7EK030408259B33400 - CM,OO194,1,Aug-14, $345.83 ,Ebuyer.com,,,,,,,,,
Fellowes 70s Strip cut Shredder - 7060272,OO195,3,Aug-14, $144.95 ,Britannia Office Supplies,,,,,,,,,
CO2 Fire Extinguisher Black 2kg,OO196,3,Aug-14, $48.95 ,Britannia Office Supplies,,,,,,,,,
Dry Powder Fire Extinguisher 1kg,OO197,3,Aug-14, $20.60 ,Britannia Office Supplies,,,,,,,,,
Dry Powder Fire Extinguisher 1kg,OO198,3,Aug-14, $20.60 ,Britannia Office Supplies,,,,,,,,,
Office telephones: 1 x BT Versatility Digital CCU Package/ 2 x !SDN 2E Digital Line Cards/ 4 x BT Versatility V8 Digital Handsets(Black)/ 1 x 2 Port Voicemail/Auto Attendant Card,????,3,Aug-14," $1,334.00 ",Birmingham Telecom,,,,,,,,,
"Buffalo - LS-WX4.0TL/R1-EU, NAS Drive 2TB (1TB Raid Arry 1)",OO199,1,Sep-14, $93.90 ,Ebuyer.com,,,,,,,,,
Netgear JFS516 Prosafe 16 Port 10/100 Switch,OO200,1,Sep-14, $30.61 ,Ebuyer.com,,,,,,,,,
Office Furntiure (Crewe),?????,3,Sep-14, $108.00 ,Eclipse,,,,,,,,,
Office Furntiure (Crewe),?????,3,Sep-14, $371.00 ,Eclipse,,,,,,,,,
Zoostorm Desktop PC,OO201,1,Sep-14, $291.65 ,Ebuyer.com,,,,,,,,,
"LG 22"" LED Monitor ",OO202,1,Sep-14, $69.15 ,Ebuyer.com,,,,,,,,,
Acer Veriton M2631G Tower Windows 7/8,OO203,1,Dec-14, $291.64 ,Acer Direct,,,,,,,,,
Lyte Swingback Builders Step Ladders,OO205,2,Jan-15, $84.99 ,Screwfix, DAMAGED - DISPOSED OF,,,,,,,,
Lenaro Thinkpad T61 - L3-BY694 08/03,OO206,1,Mar-15, $93.33 ,Solent Laptops Ltd,Returned and Refunded,,,,,,,,
Lenovo Flex 2 14 - 20404 (DSR) WB15287205,OO207,1,Jan-15, $499.98 ,PC World,,,,,,,,,
Chauvin Arnoux CA 6471 - Earth & Resistivity Tester ,OO208,2,Jun-15," $1,495.15 ",Test & Measurement Hire ,C.MURRAY,,,,,,,,
Chauvin Arnoux Earth Spike Accessory Kit Bag,OO209,2,Jun-15, $379.10 ,Test & Measurement Hire,C.MURRAY,,,,,,,,
Dell Inspiron 3847 - DELL38476648,OO210,1,Jun-15, $547.57 ,PC World,,,,,,,,,
Orion Park - Russell Hobbs Kettle ,OO211,3,Jun-15, $15.99 ,Argos,,,,,,,,,
Orion Park - De'longhi Microwave 25L,OO212,3,Jun-15, $55.99 ,Argos,,,,,,,,,
Orion Park - Table and 4 Chairs ,OO213,3,Jun-15, $70.39 ,Argos,,,,,,,,,
Monitor LG 22MT45P - PZ (MC PC),OO214,1,Jun-15, $96.34 ,PC World,,,,,,,,,
Heavy Duty Pallet Truck ,OO215,2,Jul-15, $229.00 ,Speedy Shelving,OP,,,,,,,,
Heavy Duty Sack Truck ,OO216,2,Jul-15, $59.00 ,Speedy Shelving,OP,,,,,,,,
Shelving & Pins - Orion Park,OO217,3,Jul-15, $978.00 ,Rapid Racking,,,,,,,,,
BT3510 Twin - Digital Cordless Phone with Answer Machine,OO218,3,Aug-15, $39.99 ,Argos,,,,,,,,,
RD8000 CAT Scanner - 10/8KPXL-16410,OO219,2,Jun-15," $1,850.00 ",G A Nicholas ,OP,,,,,,,,
HP DesignJet T520 24 ePrinter,OO220,1,Aug-15," $1,045.99 ",PC World,,,,,,,,,
"Laptop - 15.6"" TMP256-M CI5 - DH",OO221,1,Aug-15, $373.99 ,PC World,,,,,,,,,
Dell OptiPlex 3020 - Core i5 4590 3.3 GHz - 8 GB - 500 GB - SM,OO222,1,Aug-15, $387.99 ,PC World,,,,,,,,,
Dell OptiPlex 3020 - Core i5 4590 3.3 GHz - 8 GB - 500 GB - ST,OO223,1,Aug-15, $387.99 ,PC World,,,,,,,,,
"LG 24M37H - LED monitor - 23.5"" - SM",OO224,1,Aug-15, $86.99 ,PC World,,,,,,,,,
"LG 24M37H - LED monitor - 23.5"" - ST",OO225,1,Aug-15, $86.99 ,PC World,,,,,,,,,
"Acer TravelMate P256-M-53PN - 15.6"" - Core i5 4210U - Windows 7 Pro 64-bit / 8.1 Pro 64-bit - 4 GB RAM - 500 GB HDD  - HJ",OO226,1,Aug-15,374.99,PC World,,,,,,,,,
"Acer TravelMate P256-M-53PN - 15.6"" - Core i5 4210U - Windows 7 Pro 64-bit / 8.1 Pro 64-bit - 4 GB RAM - 500 GB HDD - JW",OO227,1,Aug-15,374.99,PC World,,,,,,,,,
Microsoft Office Home and Business 2013,OO228,1,Aug-15, $129.15 ,PC World,,,,,,,,,
Microsoft Office Home and Business 2013,OO229,1,Aug-15, $129.15 ,PC World,,,,,,,,,
Microsoft Office Home and Business 2013,OO230,1,Aug-15, $129.15 ,PC World,,,,,,,,,
Microsoft Office Home and Business 2013,OO231,1,Aug-15, $129.15 ,PC World,,,,,,,,,
FAR KJ29 Rivet Nut Hand Tool ,OO232,2,Sep-15, $125.00 ,PC World,OP,,,,,,,,
FAR KJ29 Rivet Nut Hand Tool ,OO233,2,Sep-15, $125.00 ,PC World,OP,,,,,,,,
BT Versatility V8 Phone Grade A,OO234,3,Sep-15, $28.00 ,Ebay,,,,,,,,,
BT Versatility V8 Phone Grade A,OO235,3,Sep-15, $28.00 ,Ebay,,,,,,,,,
"5 Chairs, 1 Desk, 1 Meeting Table, 1 Double Door Cupboard",OO236,3,Sep-15, $976.80 ,Eclipse,,,,,,,,,
Torque Wrench - SKU 18289-0001,OO237,2,Sep-15, $24.99 ,ScrewFix,LOST,,,,,,,,
MultiGround Licence Software ,OO238,1,May-15," $14,071.94 ",SES,,,,,,,,,
Dewalt DCH 364M2 - N387349,OO240,2,Sep-15, $536.58 ,G A Nicholas ,OP - QUARANTINE   DAMAGED,,,,,,,,
Charger for above DE9000 - N383868,OO241,2,Sep-15,,,OP - QUARANTINE,,,,,,,,
Battery for Above DCB360 - N190717,OO242,2,Sep-15,,,OP - QUARANTINE,,,,,,,,
Battery for Above DCB360 - N190717,OO243,2,Sep-15,,,OP - QUARANTINE,,,,,,,,
Dewalt DC100KA - N372780,OO244,2,Sep-15, $156.00 ,G A Nicholas ,C.HOLDICH,,,,,,,,
Battery for Above DCB185 - N040641,OO245,2,Sep-15,,,C.HOLDICH,,,,,,,,
Battery for Above DCB185 - N040641,OO246,2,Sep-15,,,C.HOLDICH,,,,,,,,
Charger for above DCB107 - N310441,OO247,2,Sep-15,,,C.HOLDICH,,,,,,,,
"4 Desks, 4 Chairs, 4 Desk Dividers",OO248,3,Sep-15," $1,857.00 ",Eclipse,,,,,,,,,
Router - Complete info,OO249,1,Oct-15, $189.00 ,SEG,,,,,,,,,
8TLV - Buffalo Link Station 420 2TB High Speed80059354103543,OO251,1,Oct-15, $124.99 ,Dabs.com,,,,,,,,,
"15.6"" Acer Travelmate Laptop - LN64099",OO252,1,Nov-15, $258.00 ,Scan.co.uk,,,,,,,,,
Crimper Tool - Red,OO253,2,Nov-15, $-   ,Found in Stores,C.HOLDICH,,,,,,,,
Crimper Tool - Blue,OO254,2,Nov-15, $-   ,Found in Stores,OP - QUARANTINE,,,,,,,,
Crimper Tool - Blue,OO255,2,Nov-15, $-   ,Found in Stores,C.MURRAY,,,,,,,,
HP DesignJet T120,OO256,1,Dec-15, $634.00 ,Plot IT,,,,,,,,,
Brother J4120DW Multifunction Printer,OO257,1,Dec-15, $59.99 ,Maplin,,,,,,,,,
NRI Mobile Bench - Blue,OO258,3,Dec-15, $209.00 ,Rapid Racking,,,,,,,,,
NRI Mobile Bench - Blue,OO259,3,Dec-15, $209.00 ,Rapid Racking,,,,,,,,,
Hazardous Substance Cabinet,OO260,3,Dec-15, $269.00 ,Rapid Racking,,,,,,,,,
Werner 6 Tread Fibreglass Step Ladders (H) 2.18m,OO261,2,Dec-15, $90.00 ,B&Q,YORK - B73,,,,,,,,
Werner 6 Tread Fibreglass Step Ladders (H) 2.18m,OO262,2,Dec-15, $90.00 ,B&Q,YORK - B73,,,,,,,,
Werner 6 Tread Fibreglass Step Ladders (H) 2.18m,OO263,2,Dec-15, $90.00 ,B&Q,LOST,,,,,,,,
Werner 6 Tread Fibreglass Step Ladders (H) 2.18m,OO264,2,Dec-15, $90.00 ,B&Q,LOST,,,,,,,,
Mobile-Iphone 5S-Seriel No' DX3QD27UFFG9,OO265,1,Dec-15,$0 ,EE,,,,,,,,,
"TMP257-M Intel Core i3-4005U 4GB 500GB 15.6"" Windows 7 Pro - Steve McK Laptop",OO266,1,Dec-15, $272.50 ,Dabs.com,,,,,,,,,
17648 DeWalt 18V Li-lon Combi Drill,OO267,2,Dec-15, $63.33 ,ScrewFix,STOLEN,,,,,,,,
17648 DeWalt 18V Li-lon Combi Drill,OO268,2,Dec-15, $63.30 ,ScrewFix,OP,,,,,,,,
Battery 18V 2.0 Ah Ni-CD Battery for DeWalt Drill for 00267,OO269,2,Dec-15, $20.00 ,Amazon,STOLEN,,,,,,,,
Battery 18V 2.0 Ah Ni-CD Battery for DeWalt Drill for 00268,OO270,2,Dec-15, $20.00 ,Amazon,OP,,,,,,,,
Toshiba 50 Inch Full HD LED TV USB Playback,OO271,1,Dec-15, $291.66 ,Rakuten.co.uk,,,,,,,,,
Handrail for Mezzanine,OO272,3,Nov-15, $560.00 ,Newbrook Engineering ltd,,,,,,,,,
Stairs Orion Park,OO273,3,Nov-15," $3,500.00 ",Newbrook Engineering ltd,,,,,,,,,
Charger for 17648 DeWalt 18V Li-lon Combi Drill for 00267,OO274,2,Dec-15, $-   ,ScrewFix,STOLEN,,,,,,,,
Charger for 17648 DeWalt 18V Li-lon Combi Drill for 00268,OO275,2,Dec-15, $-   ,ScrewFix,OP,,,,,,,,
Battery 18V 2.0 Ah Ni-CD Battery for DeWalt Drill (Spare) for 00267,OO276,2,Dec-15, $20.00 ,ScrewFix,STOLEN,,,,,,,,
Battery 18V 2.0 Ah Ni-CD Battery for DeWalt Drill (Spare) for 00268,OO277,2,Dec-15, $20.00 ,ScrewFix,OP,,,,,,,,
Security Key for Asset OO238,OO278,1,Jan-16, $-   ,SES,,,,,,,,,
23.6 Asus VS247HR HD Monitor - DSR ,OO279,1,Jan-16, $88.24 ,Scan Computers,,,,,,,,,
23.6 Asus VS247HR HD Monitor - MH,OO280,1,Jan-16, $78.03 ,Scan Computers,,,,,,,,,
23.6 Asus VS247HR HD Monitor - RH,OO281,1,Jan-16, $78.03 ,Scan Computers,,,,,,,,,
Microsoft 800 Wireless Keyboard - Crewe Conference room,OO282,1,Jan-16, $24.99 ,Staples Direct,,,,,,,,,
Microsoft 800 Wireless Keyboard - York Conference room,OO283,1,Jan-16, $24.99 ,Staples Direct,,,,,,,,,
Samson Go Mic Cinnect Portable Stereo USB Microphone - Crewe Conference Room,OO284,1,Jan-16, $47.49 ,Juno Records,,,,,,,,,
Samson Go Mic Cinnect Portable Stereo USB Microphone - York Conference Room,OO285,1,Jan-16, $47.49 ,Juno Records,,,,,,,,,
Creative Inspire Speaker - Conference room Crewe,OO286,1,Jan-16, $41.66 ,Creative.com,,,,,,,,,
Creative Inspire Speaker - Conference room York,OO287,1,Jan-16, $41.66 ,Creative.com,,,,,,,,,
Logitech Webcam,OO288,1,Jan-16, $41.66 ,PC World,,,,,,,,,
Logitech Webcam,OO289,1,Jan-16, $41.66 ,PC World,,,,,,,,,
Toshiba 48 Inch Full HD LED TV ,OO290,1,Jan-16, $224.99 ,Electrotec,,,,,,,,,
USB to Parallel converter,OO291,1,Jan-16, $335.92 ,Omicron,,,,,,,,,
TV Trolley - York,OO292,3,Jan-16, $120.83 ,Forest-Av.co.uk,,,,,,,,,
TV Trolley - Crewe,OO293,3,Jan-16, $120.83 ,Forest-Av.co.uk,,,,,,,,,
Acer Aspire E5-573 Laptop - Jonathan Dixon,OO294,1,Feb-16, $221.45 ,Ebuyer.com,,,,,,,,,
Acer Aspire E5-573 Laptop - Carl Foulkes,OO295,1,Feb-16, $221.45 ,Ebuyer.com,,,,,,,,,
BT Versatility V8 Phone,OO296,1,Feb-16, $37.00 ,TelecomShop.co.uk,,,,,,,,,
3 Axis CNC Router Engraver Machine,OO297,2,Mar-16, $397.00 ,Shanghai Lansheng Light Industrial Products,OP,,,,,,,,
Crimper -  (Belongs to Jim Moreland),OO298,2,Mar-16, $-   ,Belongs to JM,J.MORELAND,,,,,,,,
Crimper - Q034898 (Belongs to Tony Ogden),OO299,2,Mar-16, $-   ,Belongs to TO,OP - QUARANTINE,,,,,,,,
New Doors (Orion Park),OO300,3,Feb-16," $2,400.00 ",Trademark PVC,,,,,,,,,
"Work Station, Desk and Chair (york)",OO301,3,Mar-16, $398.00 ,Eclipse Office,,,,,,,,,
4 Draw Metal Filing Cabinets x2 (Orion Park),OO302,3,Feb-16, $198.00 ,Eclipse Office,,,,,,,,,
Flam Bank Storage Chest (orion Park),OO303,3,Mar-16, $444.80 ,ESE Direct,,,,,,,,,
Unit - UT528 Pat Tester,OO304,2,Mar-16, $355.00 ,PASS,LOUIS SMITH,,,,,,,,
HTC Phone - CF,OO305,1,Apr-16, $112.49 ,Amazon,,,,,,,,,
HTC Phone - JD,OO306,1,Apr-16, $112.49 ,Amazon,,,,,,,,,
ABX1 Lightweight Bender,OO309,2,Jan-16, $265.00 ,Alcomet,OP,,,,,,,,
Zoostorm Desktop PC - SP,OO311,1,May-16, $316.65 ,Ebuyer,,,,,,,,,
Zoostorm Desktop PC - AL,OO312,1,May-16, $316.65 ,Ebuyer,,,,,,,,,
Acer Monitor - SP,OO313,1,May-16, $60.82 ,Ebuyer,,,,,,,,,
Acer Monitor - AL,OO314,1,May-16, $60.82 ,Ebuyer,,,,,,,,,
HTC Phone - SMK,OO315,1,May-16, $109.68 ,Laptops Direct,,,,,,,,,
HTC Phone - DH,OO316,1,May-16, $109.68 ,Laptops Direct,,,,,,,,,
HTC Phone - AS,OO317,1,May-16, $109.68 ,Laptops Direct,,,,,,,,,
IPhone 64GB 5s Silver- MH,OO318,1,May-16, $216.64 ,Laptops Direct,,,,,,,,,
Makita Abrasive Cut Off Saw,OO319,2,Jun-16, $139.17 ,Amazon,OP - QUARANTINE   DAMAGED,,,,,,,,
Acer Aspire XC-705 Desktop PC (723530),OO320,1,Jul-16,,Ebuyer.com,Returned Faulty,,,,,,,,
Microsoft Office 2010 Proffessional,OO321,1,Jul-16, $66.66 ,Software Geeks,,,,,,,,,
Acer Aspire E5-573G Laptop ,OO322,1,Aug-16, $341.65 ,Ebuyer,,,,,,,,,
Acer Aspire XC-217 Desktop,OO323,1,Aug-16, $264.15 ,Ebuyer,,,,,,,,,
Office Home & Business,OO324,1,Sep-16, $166.65 ,Ebuyer,,,,,,,,,
Windows 10 Home,OO325,1,Sep-16, $71.65 ,Ebuyer,,,,,,,,,
MicroStation Licence,OO326,1,Sep-16," $6,217.00 ",Bentley Systems International,,,,,,,,,
Windows 10 Professional,OO327,1,Sep-16, $126.65 ,Ebuyer,,,,,,,,,
LG Monitor - LW,OO328,1,Sep-16, $-   ,,,,,,,,,,
Sash Clamp,OO329,2,Sep-16, $-   ,,OP,,,,,,,,
Sash Clamp,OO330,2,Sep-16, $-   ,,OP,,,,,,,,
Heat Gun,OO331,2,Sep-16, $-   ,,?,,,,,,,,
Heat Gun,OO332,2,Sep-16, $-   ,,?,,,,,,,,
Crimpers ,OO333,2,Sep-16, $-   ,,S.WOLFE,,,,,,,,
Battery Tester - Hioki BT3554,OO334,2,Nov-16," $1,399.00 ",GMC Instrumentation,OP,,,,,,,,
Bosch GBH36V SDS Plus Cordless Drill,OO335,2,Nov-16, $308.32 ,ScrewFix,STOLEN,,,,,,,,
Bosch SDS Plis 13mm Chuck Adaptor,OO336,2,Nov-16, $-   ,ScrewFix,STOLEN,,,,,,,,
Office Furniture,OO337,3,Nov-16, $885.00 ,Eclipse,,,,,,,,,
Acer Computer - AG - N164367W,OO338,1,Nov-16, $374.99 ,PC World,,,,,,,,,
Monitor - P219866P - AG,OO339,1,Nov-16, $81.39 ,PC World,,,,,,,,,
Office Furniture,OO340,3,Nov-16, $487.00 ,Eclipse,,,,,,,,,
Cable Drum Jack,OO341,2,Dec-16, $360.00 ,Cable Drum Jacks,OP,,,,,,,,
BJ66 GNO  - Flatbed,OO342,4,Nov-16," $33,416.06 ",Central Contracts (Lex),,,,,,,,,
Microsoft Office Home  & Business,OO343,1,Dec-16, $166.64 ,Ebuyer,,,,,,,,,
Microsoft Office Home  & Business,OO344,1,Dec-16, $166.64 ,Ebuyer,,,,,,,,,
Door - Orion Park,OO345,3,Dec-16," $8,415.30 ",Lymer Doors,,,,,,,,,
Microsoft Office Home  & Business,OO346,1,Dec-16, $166.65 ,Ebuyer,,,,,,,,,
Samsung J3 Black,OO347,1,Dec-16, $149.00 ,Carphone Warehouse,,,,,,,,,
Samsung J3 Black,OO348,1,Dec-16, $149.00 ,Carphone Warehouse,,,,,,,,,
Microsoft Office Home & Business,OO349,1,Jan-17, $166.64 ,Ebuyer,,,,,,,,,
Acer Aspire Laptop (V5-591G),OO350,1,Jan-17, $583.31 ,Ebuyer,,,,,,,,,
Microsoft Office Home & Business,OO351,1,Jan-17, $166.64 ,Ebuyer,,,,,,,,,
Windows 10 Home,OO352,1,Jan-17, $69.99 ,Ebuyer,,,,,,,,,
Wireless Portable Colour Inkjet Printer,OO353,1,Jan-17, $144.14 ,Ebuyer,,,,,,,,,
Wireless Portable Colour Inkjet Printer,OO354,1,Jan-17, $144.14 ,Ebuyer,,,,,,,,,
Wireless Portable Colour Inkjet Printer,OO355,1,Jan-17, $144.14 ,Ebuyer,,,,,,,,,
Wireless Portable Colour Inkjet Printer,OO356,1,Jan-17, $144.14 ,Ebuyer,,,,,,,,,
Freestanding Screens x 5 (4Crewe 1York),OO357,3,Jan-17, $585.00 ,Eclipse,,,,,,,,,
HV/DC Power Supply (PS/FJ02P060-220,OO358,2,Dec-16," $2,374.00 ",Glassman Europe,OP - QUARANTINE,,,,,,,,
"Acer Aspire 15.6"" 8GB 1TB Black",OO359,1,Dec-16, $429.98 ,Argos,,,,,,,,,
"Acer Aspire 15.6"" 8GB 1TB Black",OO360,1,Dec-16, $429.98 ,Argos,,,,,,,,,
Acer Aspire (F5-573G) Laptop,OO361,1,Jan-17, $583.29 ,Ebuyer,,,,,,,,,
Cembre Hand Hydraulic Crimper & Carry Case,OO364,2,Jan-17, $555.00 ,Jointing Technologies,OP,,,,,,,,
"Electro Hydraulic Pump, Carry case & Charger",OO365,2,Jan-17," $2,052.00 ",Jointing Technologies,OP,,,,,,,,
Cembre Hydraulic Cutting Head,OO366,2,Jan-17, $799.00 ,Jointing Technologies,OP,,,,,,,,
Outersheath Stripper 47-75mm,OO367,2,Jan-17, $307.00 ,Jointing Technologies,LOST  ,,,,,,,,
Bonded Screen Removal Tool,OO368,2,Jan-17, $558.00 ,Jointing Technologies,OP,,,,,,,,
Bonded Screen Removal Tool,OO369,2,Jan-17, $558.00 ,Jointing Technologies,OP,,,,,,,,
Insulation Cutting Pliers,OO370,2,Jan-17, $153.00 ,Jointing Technologies,OP,,,,,,,,
Insulation Cutting Pliers,OO371,2,Jan-17, $153.00 ,Jointing Technologies,OP,,,,,,,,
Cembre Cable Cutter,OO372,2,Jan-17, $131.00 ,Jointing Technologies,OP,,,,,,,,
Cembre Cable Cutter,OO373,2,Jan-17, $131.00 ,Jointing Technologies,?,,,,,,,,
Acrobat Standard 2015 Windows English Commercial,OO374,1,Jan-17, $231.64 ,Ebuyer,,,,,,,,,
Acrobat Standard 2015 Windows English Commercial,OO375,1,Jan-17, $231.64 ,Ebuyer,,,,,,,,,
Crimp Tool - S.M - 916119,OO376,2,Jan-17, $-   ,RS Components,S.MULLIGAN,,,,,,,,
Crimp Tool - T.P - B527808,OO377,2,Jan-17, $-   ,RS Components,T.PROCTER,,,,,,,,
12 Ton Screw Pin Alloy Bow Shackle,OO382,2,Oct-16, $-   ,Safety Lifting.com,LOST,,,,,,,,
3 Tonne 6m Endless Round Sling,OO383,2,Oct-16, $-   ,Safety Lifting.com,LOST  ,,,,,,,,
3 Tonne 6m Endless Round Sling,OO384,2,Oct-16, $-   ,Safety Lifting.com,LOST  ,,,,,,,,
5.3 Tonne Master ring,OO385,2,Oct-16, $-   ,Safety Lifting.com,OP - QUARANTINE   DAMAGED,,,,,,,,
Super Harness - Full Body Standard,OO386,2,Nov-16, $-   ,AUS,INSPECTION,,,,,,,,
2M Rope-Rat Work Positioning Lanyard,OO387,2,Nov-16, $-   ,AUS,INSPECTION,,,,,,,,
2M Rope-Rat Work Positioning Lanyard,OO388,2,Nov-16, $-   ,AUS,INSPECTION,,,,,,,,
2M Rope-Rat Work Positioning Lanyard,OO389,2,Nov-16, $-   ,AUS,INSPECTION,,,,,,,,
Chunkie 1.75M Rope Scaff Hook,OO390,2,Nov-16, $-   ,AUS,INSPECTION,,,,,,,,
Chunkie 1.75M Rope Scaff Hook,OO391,2,Nov-16, $-   ,AUS,INSPECTION,,,,,,,,
Chunkie 1.75M Rope Scaff Hook,OO392,2,Nov-16, $-   ,AUS,INSPECTION,,,,,,,,
Liftingear 2 tonne x 6 Mtr Webbing Sling - 15583198,OO393,2,Jan-17, $-   ,Safety Lifting.com,INSPECTION,,,,,,,,
Liftingear 2 tonne x 6 Mtr Webbing Sling - 15583198,OO394,2,Jan-17, $-   ,Safety Lifting.com,INSPECTION,,,,,,,,
Liftingear 1 tonne x 1 Mtr Webbing Sling - 15705688,OO395,2,Jan-17, $-   ,Safety Lifting.com,INSPECTION,,,,,,,,
Liftingear 1 tonne x 1 Mtr Webbing Sling - 15705688,OO396,2,Jan-17, $-   ,Safety Lifting.com,INSPECTION,,,,,,,,
Liftingear 1 tonne x 1 Mtr Webbing Sling - 15705688,OO397,2,Jan-17, $-   ,Safety Lifting.com,INSPECTION,,,,,,,,
Liftingear 1 tonne x 1 Mtr Webbing Sling - 15705688,OO398,2,Jan-17, $-   ,Safety Lifting.com,INSPECTION,,,,,,,,
4.75 Ton Safety Pin Alloy Bow Shackle H6,OO399,2,Jan-17, $-   ,Safety Lifting.com,INSPECTION,,,,,,,,
Liftingear 2 tonne x 2 Mtr Webbing Sling - 15398754,OO400,2,Jan-17, $-   ,Safety Lifting.com,INSPECTION,,,,,,,,
Round Sling 1m x 1000Kg,OO401,2,Dec-16, $-   ,AUS,INSPECTION,,,,,,,,
Round Sling 1m x 1000Kg,OO402,2,Dec-16, $-   ,AUS,INSPECTION,,,,,,,,
Round Sling 2m x 1000Kg URLT/012122,OO403,2,Dec-16, $-   ,AUS,INSPECTION,,,,,,,,
Round Sling 2m x 1000Kg URLT/012122,OO404,2,Dec-16, $-   ,AUS,INSPECTION,,,,,,,,
Round Sling 3m x 1000Kg URLT/012123,OO405,2,Dec-16, $-   ,AUS,INSPECTION,,,,,,,,
Round Sling 3m x 1000Kg URLT/012123,OO406,2,Dec-16, $-   ,AUS,INSPECTION,,,,,,,,
Round Sling 6m x 3000Kg URLT/012125,OO407,2,Dec-16, $-   ,AUS,INSPECTION,,,,,,,,
2000kg Alloy Bow Shackle,OO408,2,Jan-17,,AUS,INSPECTION,,,,,,,,
Outersheath Stripper 47-75mm,OO409,2,Jan-17, $307.00 ,Jointing Technologies,OP,,,,,,,,
Microsoft Project Standard 2016,OO410,1,Jan-17, $462.49 ,Ebuyer,,,,,,,,,
Microsoft Project Standard 2016,OO411,1,Jan-17, $462.49 ,Ebuyer,,,,,,,,,
XEROX WC6605DN A4 Colour MFP,OO412,1,Feb-17, $428.79 ,Printerland,,,,,,,,,
Aspire XC-710 Windows 10 Desktop - York,OO413,1,Feb-17, $311.65 ,Ebuyer,,,,,,,,,
Microsoft Project Standard 2016,OO414,1,Feb-17, $462.44 ,Ebuyer,,,,,,,,,
Fellowes Galaxy A4 Comb Binding Machine,OO415,1,Feb-17, $230.10 ,Laserink,,,,,,,,,
Hydraulic Loads Mover,OO416,2,Feb-17, $585.00 ,Lift n Shift,OP,,,,,,,,
Hydraulic Loads Mover,OO417,2,Feb-17, $-   ,Lift n Shift,OP,,,,,,,,
Steel Mechanical Jacks,OO418,2,Feb-17, $133.00 ,Lifting Equipment,OP,,,,,,,,
Steel Mechanical Jacks,OO419,2,Feb-17, $-   ,Lifting Equipment,OP,,,,,,,,
Steel Mechanical Jacks,OO420,2,Feb-17, $133.00 ,Lifting Equipment,OP,,,,,,,,
Steel Mechanical Jacks,OO421,2,Feb-17, $-   ,Lifting Equipment,OP,,,,,,,,
Filing Cabinet ,OO422,3,Feb-17, $141.60 ,Laserink,,,,,,,,,
Heat Sealer,OO423,2,Feb-17, $-   ,ESE Direct,OP,,,,,,,,
Sage 50 HR,OO424,1,Feb-17, $494.00 ,Sage,,,,,,,,,
Acer Aspire 8GB Laptop,OO425,1,Feb-17, $333.33 ,Argos,,,,,,,,,
Acer Aspire XC-780 - DKT's,OO426,1,Feb-17, $399.99 ,PC World,,,,,,,,,
Netgear Smart Switches,OO427,1,Feb-17, $183.32 ,Ebuyer,,,,,,,,,
Netgear Smart Switches,OO428,1,Feb-17, $183.32 ,Ebuyer,,,,,,,,,
Netgear Smart Switches,OO429,1,Feb-17, $183.32 ,Ebuyer,,,,,,,,,
Office Home and Business 2016,OO430,1,Feb-17, $166.06 ,Ebuyer,,,,,,,,,
Clamp Meter,OO431,2,Feb-17, $97.08 ,CEF,OP - QUARANTINE,,,,,,,,
Vertically Mounted Test Module,OO432,2,Feb-17, $109.00 ,UK Grid Solutions,OP,,,,,,,,
Vertically Mounted Test Module,OO433,2,Feb-17, $109.00 ,UK Grid Solutions,OP,,,,,,,,
USB to Parallel converter,OO434,1,Feb-17, $396.00 ,Omicron,,,,,,,,,
Kyoritsu 8112 Clamp Adapter,OO435,2,Mar-17, $189.00 ,PASS,T.PROCTER,,,,,,,,
Fluke 83 V Multimeter,OO436,2,Mar-17, $323.10 ,PASS,T.PROCTER,,,,,,,,
KT4 Cembre Cable Cutter,OO437,2,Mar-17, $131.00 ,Jointing Technologies,OP,,,,,,,,
Apple Iphone 16GB Space Grey,OO438,1,Mar-17, $274.17 ,Carphone Warehouse,,,,,,,,,
Interquartz Door Entry - Doorphone 4 Button ID204,OO440,1,Mar-17, $250.00 ,Ipoffice Direct,,,,,,,,,
"18V 5"" Angle Grinder",OO443,2,Mar-17, $-   ,Screwfix,STOLEN,,,,,,,,
18V Reciprocating Saw,OO445,2,Mar-17, $-   ,Screwfix,A.DAVIES,,,,,,,,
Hitachi Hammer Drill - 2KG SDS Pluc 230V,OO448,2,Mar-17,,Screwfix,OP,,,,,,,,
Samsung J3 Black - 355099083317126,OO449,1,Mar-17, $115.83 ,Carphone Warehouse,,,,,,,,,
Table Top,OO450,3,Mar-17, $77.00 ,Eclipse,,,,,,,,,
Drive Torque Wrench,OO451,2,Mar-17, $-   ,Screwfix,OP - QUARANTINE,,,,,,,,
Adjustable Cable Drum Roller (1000kg),OO452,2,Mar-17, $191.67 ,SpaceGuard,OP,,,,,,,,
Labelstation PRO200 Printer,OO453,2,Mar-17, $399.00 ,Advanced Labelling,OP,,,,,,,,
"Super Harness Full Body Standard, 2M Rop-Rat Lanyard & Bag",OO455,2,Mar-17, $191.59 ,AUS,INSPECTION,,,,,,,,
"Super Harness Full Body Standard, 2M Rop-Rat Lanyard & Bag",OO457,2,Mar-17, $191.59 ,AUS,INSPECTION,,,,,,,,
Extreme 2 Metal Drill Bit Set,OO459,2,Mar-17, $-   ,Amazon,?,,,,,,,,
Henry Hoover,OO460,2,Mar-17, $108.67 ,Amazon,OP,,,,,,,,
DeWalt Percussion Drill 11V,OO461,2,Mar-17, $79.16 ,Screwfix,OP,,,,,,,,
DeWalt Percussion Drill 11V,OO462,2,Mar-17, $79.16 ,Screwfix,OP,,,,,,,,
Portable Transformer with 2 Output Sockets 3kVA,OO463,2,Mar-17, $-   ,Screwfix,OP,,,,,,,,
Portable Transformer with 2 Output Sockets 3kVA,OO464,2,Mar-17, $-   ,Screwfix,OP,,,,,,,,
Bosch GBH 36V-Li SDS Brushless Drill,OO465,2,Mar-17, $291.66 ,Screwfix,OP - QUARANTINE   DAMAGED,,,,,,,,
Crimp Tool for Stnd Terminal ,OO466,2,Mar-17, $-   ,RS Components,?,,,,,,,,
10.8 Volt Drill Driver,OO467,2,Mar-17, $145.00 ,RS Components,?,,,,,,,,
Crimp Tool K08,OO468,2,Mar-17, $180.40 ,RS Components,?,,,,,,,,
MicroStation Perpetual License,OO469,1,Mar-17," $10,907.87 ",Bentley Systems International,,,,,,,,,
Bootlace Crimpers,OO470,2,Mar-17, $-   ,Belong to Tony Ogden ,T.OGDEN,,,,,,,,
Office Home 365,OO471,1,Mar-17, $66.66 ,Microsoft,,,,,,,,,
Extreme 2 Metal Drill Bit Set,OO472,2,Mar-17, $-   ,Amazon,LOST  ,,,,,,,,
Extreme 2 Metal Drill Bit Set,OO473,2,Mar-17, $-   ,Amazon,LOST  ,,,,,,,,
Extreme 2 Metal Drill Bit Set,OO474,2,Mar-17, $-   ,Amazon,OP,,,,,,,,
Extreme 2 Metal Drill Bit Set,OO475,2,Mar-17, $-   ,Amazon,LOST  ,,,,,,,,
Extreme 2 Metal Drill Bit Set,OO476,2,Mar-17, $-   ,Amazon,OP,,,,,,,,
Extreme 2 Metal Drill Bit Set,OO477,2,Mar-17, $-   ,Amazon,LOST  ,,,,,,,,
Extreme 2 Metal Drill Bit Set,OO478,2,Mar-17, $-   ,Amazon,OP,,,,,,,,
Extreme 2 Metal Drill Bit Set,OO479,2,Mar-17, $-   ,Amazon,LOST  ,,,,,,,,
Henry Hoover,OO480,2,Mar-17, $108.67 ,Amazon,OP,,,,,,,,
Office Home & Business 2016 Medialess,OO481,1,Apr-17, $154.13 ,Ebuyer,,,,,,,,,
Torque Wrench,OO482,2,Apr-17, $-   ,,OP,,,,,,,,
HP 20 G5 Laptop 8GB DDR4 256GB SSD,OO484,1,Apr-17, $462.57 ,Ebuyer,,,,,,,,,
HP 20 G5 Laptop 8GB DDR4 256GB SSD,OO485,1,Apr-17, $462.57 ,Ebuyer,,,,,,,,,
HP 20 G5 Laptop 8GB DDR4 256GB SSD,OO486,1,Apr-17, $462.57 ,Ebuyer,,,,,,,,,
HP 20 G5 Laptop 8GB DDR4 256GB SSD,OO487,1,Apr-17, $462.57 ,Ebuyer,,,,,,,,,
Cobalt Drill Set,OO488,2,Apr-17, $60.14 ,Toolstation,?,,,,,,,,
Werner 4 Tread Step Ladder,OO489,2,Apr-17, $47.96 ,Toolstation,OP,,,,,,,,
Crimp Tool Std Terminal ,OO491,2,Apr-17, $-   ,RS Components,OP - QUARANTINE,,,,,,,,
Standalone Multifields License Software protection Key T-CDEGS2934,OO492,1,Apr-17," $34,960.83 ",SES,,,,,,,,,
Acrobat Standard 2015 Windows English Commercial,OO493,1,Apr-17, $255.58 ,Ebuyer,,,,,,,,,
Acrobat Standard 2015 Windows English Commercial,OO494,1,Apr-17, $255.58 ,Ebuyer,,,,,,,,,
Acrobat Standard 2015 Windows English Commercial,OO495,1,Apr-17, $255.58 ,Ebuyer,,,,,,,,,
Microsoft Project Standard 2016,OO496,1,Apr-17, $462.86 ,Ebuyer,,,,,,,,,
Samsung J3 Black - 354903084588967 - JD,OO497,1,May-17, $108.33 ,Carphone Warehouse,,,,,,,,,
Samsung J3 Black - 353557080904818,OO498,1,May-17, $108.33 ,Carphone Warehouse,,,,,,,,,
Elektro-Automatik EA-PS 5200-10 A Bench Power Supply,OO499,2,May-17, $585.00 ,Farnell,OP,,,,,,,,
MFT1721-BS Installation Tester,OO501,2,May-17, $802.00 ,RS Components,A.DAVIES,,,,,,,,
B1350-CE Battery Crimping Tool,OO502,2,May-17," $1,341.00 ",Cembre,M.MORRIS,,,,,,,,
Tetra Flammable Gas Personal Monitor,OO503,2,Jun-17, $310.59 ,RS Components,OP - QUARANTINE,,,,,,,,
Hydraulic Jack Inc 50MM dia /spindle & Collars,OO504,2,Jun-17, $586.50 ,SEB International,LOST  ,,,,,,,,
LED Recharchable Work Light,OO506,2,Jun-17, $99.98 ,Screwfix,NEVER BEEN AT OP,,,,,,,,
LED Rechargeable Headlamp,OO507,2,Jun-17, $89.41 ,Screwfix,NEVER BEEN AT OP,,,,,,,,
Multi Chopsaw 110V 355mm,OO508,2,Aug-17, $175.00 ,Screwfix,OP,,,,,,,,
Dewalt to Handle Jigsaw & 10pc set,OO509,2,Jun-17, $154.16 ,Screwfix,OP,,,,,,,,
MicroStation Perpetual License,OO510,1,Aug-17," $5,715.45 ",Bentley Systems International,,,,,,,,,
"Desk, Draws x2, Chair and Screen",OO511,3,Sep-17, $652.00 ,Eclipse,,,,,,,,,
Acer 15.6 Inch i5 8GB 1TB Laptop - Black,OO512,1,Aug-17, $433.33 ,Argos,,,,,,,,,
Samsung J3 Black - (351816096778117),OO513,1,Aug-17, $116.66 ,Carphone Warehouse,,,,,,,,,
Samsung J3 Black - (351816096777309),OO514,1,Aug-17, $116.66 ,Carphone Warehouse,,,,,,,,,
Samsung J3 Black - (351816096771302),OO515,1,Aug-17, $116.66 ,Carphone Warehouse,,,,,,,,,
Acer Aspire - F5-573G 8GB & Mouse,OO516,1,Aug-17, $568.59 ,Ebuyer,,,,,,,,,
Buffalo MiniStation 2TB & Cases,OO517,1,Aug-17, $70.62 ,Ebuyer,,,,,,,,,
Buffalo MiniStation 2TB & Cases,OO518,1,Aug-17, $70.62 ,Ebuyer,,,,,,,,,
Adobe Acrobat Standard 2017 ,OO519,1,Sep-17, $239.76 ,Ebuyer,,,,,,,,,
Termtech HSG110v HS Heat Gun 110V,OO520,2,Sep-17, $98.50 ,Edmundson Electrical,NEVER BEEN AT OP,,,,,,,,
Samsung J3 Black )351816095499079),OO521,1,Sep-17, $124.99 ,Carphone Warehouse,,,,,,,,,
Fujitsue Lifebook A557 Laptop (769313,OO522,1,Sep-17, $477.67 ,Ebuyer,,,,,,,,,
TP-Link 300Mbps Wireless N 4G LTE Router,OO523,1,Oct-17, $74.99 ,Ebuyer,,,,,,,,,
"HannsG 23.8"" Full HD Monitor - RH",OO524,1,Oct-17, $107.48 ,Laptopsdirect,,,,,,,,,
Acer Aspire E5-575 (212624) PW,OO525,1,Nov-17, $458.32 ,PC World,,,,,,,,,
Multi-Fingered Test Plug with Standard Frontplate,OO526,2,Oct-17, $129.00 ,UK Grid Solutions,T.PROCTER,,,,,,,,
Multi-Fingered Test Plug with Standard Frontplate,OO527,2,Oct-17, $129.00 ,UK Grid Solutions,LOST  ,,,,,,,,
Metrcal Multifunction Tester (BH5664590007),OO528,2,,,RS Components,OP,,,,,,,,
Metrcal Multifunction Tester (BH5664590005),OO529,2,,,RS Components,OP,,,,,,,,
"Milwaukee Drill, Impact driver, Torch 2 Batterys and charger Set",OO530,2,15-Nov, $266.48 ,Toolstation,OP,,,,,,,,
Dymo 5200 Labelling Kit (FA7270226684D),OO531,2,,,RS Components,S.WOLFE,,,,,,,,
VW Caddy C20 2.0TDI BlueMotion Tech ,OO532,4,Oct-17," $15,198.86 ",Lex Autolease,,,,,,,,,
Cable Cobra 6mm x 100M,OO533,2,Nov-17, $249.54 ,G. A. Nicholas,OP,,,,,,,,
Deadloacks for Vans,OO534,4,Jun-17, $676.00 ,,,,,,,,,,
Acer Aspire TC780 Core i5 Windows 10 Desktop 2TB - JH,OO535,1,Nov-17, $441.64 ,LaptopsDirect,,,,,,,,,
"HannsG 23.8"" Full HD Monitor - JH",OO536,1,Nov-17, $107.48 ,LaptopsDirect,,,,,,,,,
"ACER Aspire E5-575 15.6"" Laptop - Black (DJ)",OO537,1,Nov-17, $458.32 ,Currys PC World,,,,,,,,,
Samsung J3 Black (359965083369810),,1,Nov-17, $124.99 ,Carphone Warehouse,,,,,,,,,
Samsung J3 Black (359965083380296),,1,Nov-17, $124.99 ,Carphone Warehouse,,,,,,,,,
LHA-2 Insulation Tapering Tool 38-60mm,OO538,2,Nov-17, $383.94 ,Jointing Technologies,OP,,,,,,,,
Motorola T60 2-Way Radio UK,OO546,2,Jan-18, £ ,RS Components,OP,,,,,,,,
Portable Transformer with 2 Output Sockets 3kVA,OO547,2,Jan-18, £ ,Screwfix,OP,,,,,,,,
DeWalt DCZ298S2T-BG 18V 1.5Ah Li-ion Cordless,OO548,2,Jan-18,$183.32 ,Screwfix,?,,,,,,,,
"Bosch GWS 22-230H 2100W 9"" Professional Angle Grinder",OO549,2,Jan-18, $121.19 ,Screwfix,OP,,,,,,,,
DeWalt DCS310D2-GB 10.8V 2.0Ah Li-Ion XR Reciprocating Saw,OO550,2,Jan-18, $160.31 ,Screwfix,OP,,,,,,,,
Bosch 110v 800w Rotary Hammer,OO557,2,Feb-18, $109.00 ,CEF,OP,,,,,,,,
DeWalt 18v 5Ah BL Combi & SDS+,OO559,2,Mar-18, $412.50 ,Screwfix,A.DAVIES,,,,,,,,
Megger MIT 10kV Insulation Resistance Tester,OO560,2,Feb-18," $3,365.00 ",PASS,OP - QUARANTINE,,,,,,,,
Crimp Tool for Stnd Terminal ,OO566,2,Apr-18, £ ,RS Components,T.OGDEN,,,,,,,,
Crimp Tool for Stnd Terminal ,OO567,2,Apr-18, £ ,RS Components,OP,,,,,,,,
Defender E709286 LED Floor Light Rechargeable,OO569,2,Apr-18, £ ,Toolstop,A.DAVIES,,,,,,,,
Defender E709286 LED Floor Light Rechargeable,OO570,2,Apr-18, £ ,Toolstop,OP,,,,,,,,
Defender E709286 LED Floor Light Rechargeable,OO571,2,Apr-18, £ ,Toolstop,OP,,,,,,,,
Insulated Spade/Shovel/Pick,OO572,2,May-18, £ ,N/A,OP,,,,,,,,
3 Step and Platform Steps,OO575,2,May-18, $191.67 ,T Crotty Plant Ltd,OP,,,,,,,,
Werner 4 Tread Step Ladder,OO576,2,Jun-18, £ ,B&Q,OP,,,,,,,,
Werner 4 Tread Step Ladder,OO577,2,Jun-18, £ ,B&Q,OP,,,,,,,,
Unit UT505A Handheld Insulation Resistance Tester,OO578,2,Jun-18, $159.00 ,PASS,OP,,,,,,,,
"Active differential probe 1400V, 25MHz",OO579,2,Jun-18, $269.00 ,RS Components,OP,,,,,,,,
"Active differential probe 1400V, 25MHz",OO580,2,Jun-18, $269.00 ,RS Components,OP,,,,,,,,
"Active differential probe 1400V, 25MHz",OO581,2,Jun-18, $269.00 ,RS Components,,,OP,,,,,,
"Active differential probe 1400V, 25MHz",OO582,2,Jun-18, $269.00 ,RS Components,,,OP,,,,,,
Evolution R255 SMS Sliding Mitre Saw Serial Number:- A1811UK00207,OO585,2,Jun-18, $152.50 ,Screwfix,OP,,,,,,,,
K2 Full Control Home 110 bar Pressure Washer & Attachments,OO586,2,Jun-18, $109.77 ,Screwfix,OP,,,,,,,,
Motorola T80 Twin Pack with Dock Unit,OO588,2,Jul-18, $122.84 ,G. A. Nicholas,OP,,,,,,,,
Martindale Marvipdlok 183 Voltage Indicator Kit,OO589,2,Jul-18, $195.50 ,PASS,OP,,,,,,,,
Megger MFT1731 Multi Function Tester,OO592,2,Aug-18, $814.99 ,Mikes Electrical Supplies,J.MORELAND,,,,,,,,
De Walt DW059 18V Impact Driver,OO593,2,Aug-18,,RE - ISSUE,A.DAVIES,,,,,,,,
De Walt DC213KA 18V SDS Drill,OO594,2,Aug-18,,RE - ISSUE,A.DAVIES,,,,,,,,
De Walt DCD795 18V Combi Drill,OO595,2,Aug-18,,RE - ISSUE,A.DAVIES,,,,,,,,
Sealy CP315 Nut Rivet Gun,OO596,2,,,RE - ISSUE,OP,,,,,,,,
Erbauer 36V SDS Drill,OO597,2,,,RE - ISSUE,LOST  ,,,,,,,,
2 x Clarke 4 tonne Body Repair pump Kit,OO598,2,,,RE - ISSUE,OP,,,,,,,,
Evolution 355mm 110v Chop Saw,OO599,2,,,RE - ISSUE,T.OGDEN - B73,,,,,,,,
Zone 1 GRP Scaff 850w1.,OO600,2,," $3,311.00 ",G.A Nicholas,G.WILLIAMS - C03,,,,,,,,
Heavy Duty Flat Bed Turntable Trailer Model TR121,OO601,2,Oct-18, $317.59 ,Lomart Ltd,C03,,,,,,,,
Black & Decker WM536 Dual Height Workmate,OO603,2,Oct-18,,Tooled-Up.com,OP,,,,,,,,
De Walt Grinder,OO604,2,Jan-19,,Toolstop,,,A.DAVIES,,,,,,
"Milwaukee M12-M18 Li-ion Rocket Tower, Battery & Charger",OO605,2,Oct-18, $331.59 ,Toolstation,,,OP,,,,,,
RH-FL75 Hydraulic Puller Tyre Punching Head & Kit,OO608,2,Nov-18, $643.30 ,Jointing Technologies,OP,,,,,,,,
Graphtec GL220 Midi Logger,OO609,2,Jan-19,,Belongs to N.B,OP - QUARANTINE,,,,,,,,
Megger DLRO10HD,OO610,2,Jan-19,,Belongs to N.B,N.BEERE,,,,,,,,
AC/DC Clamp on Adaptor,OO611,2,Nov-18,,TPI Europe,R.HALKYARD - YORK,,,,,,,,
AC/DC Clamp on Adaptor,OO612,2,Nov-18,,TPI Europe,?,,,,,,,,
Goods Trailer 2600kg (Serial No. 132273),OO613,2,Nov-18," $2,875.00 ",Indespension,OP,,,,,,,,
DeWalt DCF885M2 Li-ion Impact Driver,OO614,2,Jan-19, $145.83 ,Toolstop,OP,,,,,,,,
Shelter - Economy Range 6506x 1.8M Carry Bag. Front Door and short zip at rear,OO618,2,Feb-19, $155.00 ,Sheerspeed Shelters,OP,,,,,,,,
Shelter - Economy Range 6506x 1.8M Carry Bag. Front Door and short zip at rear,OO619,2,Feb-19, $155.00 ,Sheerspeed Shelters,OP,,,,,,,,
Titan Step Ladders - S/no. B269666(Office),OO620,2,Mar-19, £ ,N/A,OFFICE - E.CLEWES - 28/03/19,,,,,,,,
Iso-Tech ICA32N AC/DC Current Transducer,OO623,2,Mar-19, $30.00 ,Ebay,OP,,,,,,,,
Graphtec GL220 Midi Logger,OO624,2,Mar-19, $249.00 ,Ebay,D.BURGESS ?,,,,,,,,
Telaris ISO Combination Tester,OO634,2,N/A, £ ,Owned by T.Ogden,OP,,,,,,,,
Ampliversal 4 - Jaw Crimp Tool,OO635,2,N/A, £ ,Owned by T.Ogden,OP - QUARANTINE,,,,,,,,
Fluke 189 Digital Multimeter,OO636,2,N/A, £ ,Owned by N.Beere,N.BEERE,,,,,,,,
Iso-Tech ICM-139R Clamp Meter,OO637,2,N/A, £ ,Owned by N.Beere,N.BEERE,,,,,,,,
Chauvin Arnoux CA8334 Power Analyser,OO638,2,N/A, £ ,Owned by N.Beere,C.MURRAY,,,,,,,,
Microcal 1030 Calibrator,OO639,2,N/A, £ ,Owned by N.Beere,N.BEERE,,,,,,,,
Megger MIT410 Insulation and Continuity Tester,OO640,2,N/A, £ ,Owned by N.Beere,N.BEERE,,,,,,,,
Megger DET4TCR 2 Earth Tester ,OO641,2,N/A, £ ,Owned by N.Beere,N.BEERE,,,,,,,,
Megger MFT1710 Combination Tester,OO642,2,N/A, £ ,Owned by N.Beere,N.BEERE,,,,,,,,
LB01 Process Calibrator,OO643,2,N/A, £ ,Owned by N.Beere,N.BEERE,,,,,,,,
AUS Earth Rod Phasing Kit,OO644,2,N/A, £ ,Owned by N.Beere,N.BEERE,,,,,,,,
Horstmann B0-4 Earth Poles,OO645,2,N/A, £ ,Owned by N.Beere,N.BEERE,,,,,,,,
Diamond 5-Tread fibreglass Stepladders     s/n AEDS05,OO656,2,Sep-19, £ ,N/A,OP,,,,,,,,
Stairlift 3-Wheel Sack Truck,OO657,2,Sep-19, £ ,N/A,OP,,,,,,,,
Duratool Heavy Duty combi  sack Truck,OO658,2,Sep-19, £ ,N/A,C03,,,,,,,,
TFD35 Hydraulic lifting table,OO659,2,Sep-19, £ ,N/A,OP,,,,,,,,
BE 25 Pipe benders,OO660,2,Sep-19, £ ,N/A,B73,,,,,,,,
 PD 491 Earth auger,OO661,2,Sep-19, £ ,N/A,OP,,,,,,,,
Machine moving Skates - set of 4,OO662,2,Sep-19, £ ,N/A,OP,,,,,,,,
Steel banding kit,OO663,2,Sep-19, £ ,N/A,OP,,,,,,,,
Fusion shelter pop up gazebo,OO664,2,Sep-19, £ ,N/A,OP,,,,,,,,
4 Trade 85L Wheelbarrow,OO665,2,Sep-19, £ ,N/A,LOST  ,,,,,,,,
Tree loppers/cutters,OO666,2,Sep-19, £ ,N/A,OP,,,,,,,,
Small coshh cabinet,OO667,2,Sep-19, £ ,N/A,B73,,,,,,,,
Element 30 Mag drill,OO668,2,Sep-19, £ ,N/A,OP,,,,,,,,
2 socket 50m 110v cable,OO669,2,Sep-19, £ ,N/A,OP,,,,,,,,
4 socket 25m 230v cable,OO670,2,Sep-19, £ ,N/A,A.DAVIES,,,,,,,,
Protek socket set,OO671,2,Sep-19, £ ,N/A,A.DAVIES,,,,,,,,
Blue transformer 110v to 230v,OO672,2,Sep-19, £ ,N/A,OP,,,,,,,,
Blue transformer 110v to 230v,OO673,2,Sep-19, £ ,N/A,OP,,,,,,,,
Dial Torch,OO674,2,Sep-19, £ ,N/A,OP,,,,,,,,
Dial Torch,OO675,2,Sep-19, £ ,N/A,OP,,,,,,,,
Steinel 110v heatguns x 2,OO676,2,Sep-19, £ ,N/A,OP,,,,,,,,
Hilka 12v battery charger,OO677,2,Sep-19, £ ,N/A,OP,,,,,,,,
Clarke 54mm booster cables,OO678,2,Sep-19, £ ,N/A,OP,,,,,,,,
Ring tradecharge 27 battery charger,OO679,2,Sep-19, £ ,N/A,OP,,,,,,,,
Carroll and Meynell variac x 2,OO680,2,Sep-19, £ ,N/A,OP,,,,,,,,
Titan drill sharpener,OO681,2,Sep-19, £ ,N/A,OP,,,,,,,,
Titan bench drill,OO682,2,Sep-19, £ ,N/A,DAMAGED - DESTROYED,,,,,,,,
Ratchet Strap with Hooks 8mx50mm,OO683,2,Aug-19, £ ,Screwfix,IN VEHICLE - BJ66 GNO,,,,,,,,
Ratchet Strap with Hooks 8mx50mm,OO684,2,Aug-19, £ ,Screwfix,IN VEHICLE - BJ66 GNO,,,,,,,,
Ratchet Strap with Hooks 3m 2Pc,OO685,2,Aug-19, £ ,Screwfix,IN VEHICLE - HT67 LHG,,,,,,,,
Ratchet Strap with Hooks 3m 2Pc,OO686,2,Aug-19, £ ,Screwfix,IN VEHICLE - HT67 LHG,,,,,,,,
Martindale Lock-off Kit PD690 & VI1500VIPDLOK,OO687,2,Sep-19, £ ,PASS,OP,,,,,,,,
Martindale Lock-off Kit PD690 & VI1500VIPDLOK,OO688,2,Sep-19, £ ,PASS,OP,,,,,,,,
Martindale Lock-off Kit PD690 & VI1500VIPDLOK,OO689,2,Sep-19, £ ,PASS,OP,,,,,,,,
Martindale Lock-off Kit PD690 & VI1500VIPDLOK,OO690,2,Sep-19, £ ,PASS,OP,,,,,,,,
5.5m Adjustable length only Strap,OO691,2,Sep-19, $-   ,Safety Lifting.com,IN VEHICLE - BJ66 GNO,,,,,,,,
5.5m Adjustable length only Strap,OO692,2,Sep-19, $-   ,Safety Lifting.com,DAMAGED,,,,,,,,
5.5m Adjustable length only Strap,OO693,2,Sep-19, $-   ,Safety Lifting.com,IN VEHICLE - BJ66 GNO,,,,,,,,
5.5m Adjustable length only Strap,OO694,2,Sep-19, $-   ,Safety Lifting.com,IN VEHICLE - BJ66 GNO,,,,,,,,
5.5m Adjustable length only Strap,OO695,2,Sep-19, $-   ,Safety Lifting.com,IN VEHICLE - BJ66 GNO,,,,,,,,
"4m, 1 Tonne rachet lashing c/w Chassis Hook",OO696,2,Sep-19, $-   ,Safety Lifting.com,OP,,,,,,,,
"4m, 1 Tonne rachet lashing c/w Chassis Hook",OO697,2,Sep-19, $-   ,Safety Lifting.com,A.DAVIES,,,,,,,,
"4m, 1 Tonne rachet lashing c/w Chassis Hook",OO698,2,Sep-19, $-   ,Safety Lifting.com,A.DAVIES,,,,,,,,
"4m, 1 Tonne rachet lashing c/w Chassis Hook",OO699,2,Sep-19, $-   ,Safety Lifting.com,BJ66 GNO,,,,,,,,
"4m, 1 Tonne rachet lashing c/w Chassis Hook",OO700,2,Sep-19, $-   ,Safety Lifting.com,A.DAVIES,,,,,,,,
Rachet c/w Fixed end only,OO701,2,Sep-19, $-   ,Safety Lifting.com,IN VEHICLE - BJ66 GNO,,,,,,,,
Rachet c/w Fixed end only,OO702,2,Sep-19, $-   ,Safety Lifting.com,IN VEHICLE - BJ66 GNO,,,,,,,,
Rachet c/w Fixed end only,OO703,2,Sep-19, $-   ,Safety Lifting.com,IN VEHICLE - BJ66 GNO,,,,,,,,
Rachet c/w Fixed end only,OO704,2,Sep-19, $-   ,Safety Lifting.com,DAMAGED,,,,,,,,
Rachet c/w Fixed end only,OO705,2,Sep-19, $-   ,Safety Lifting.com,IN VEHICLE - BJ66 GNO,,,,,,,,
Fluke 1652C  Multifunction Tester,OO706,2,Oct-19, $-   ,N/A,STOLEN,,,,,,,,
Omicron CMC353,OO707,2,Oct-19," $52,000.00 ",Nick Beere,T.PROCTER,,,,,,,,
Havi Plus (Radio) HD Kit Amber,OO710,2,Oct-19, $84.00 ,HAVI Technologies,M.GREGORY,,,,,,,,
Havi Plus (Radio) HD Kit Amber                                                             S/No. 20219,OO711,2,Oct-19, $84.00 ,HAVI Technologies,S.GREGORY,,,,,,,,
Havi Plus (Radio) HD Kit Amber,OO712,2,Oct-19, $84.00 ,HAVI Technologies,M.GREGORY,,,,,,,,
"CT4028 HIGH-VOLT DIVIDER PROBE 1000:1,220MHZ",OO713,2,Nov-19, $692.00 ,Farnell,OP,,,,,,,,
Long Insulated Newcastle Drainer,OO714,2,Nov-19, £ ,JAFCO Tools,OP,,,,,,,,
DRAPER 17696 Fully Insulated Post Hole Digger,OO715,2,Nov-19, £ ,Folkestone Fixings Ltd,OP,,,,,,,,
8YR0-LH2 Insulated Stripping Tool,OO717,2,Dec-19, $459.68 ,E-Tech Components,OP,,,,,,,,
Vantage PBH02 Harness,OO731,2,Jan-20, £ ,N/A,INSPECTION,,,,,,,,
2m rope rat work pos. lanyard,OO732,2,Jan-20, £ ,N/A,INSPECTION,,,,,,,,
2m rope rat work pos. lanyard,OO733,2,Jan-20, £ ,N/A,INSPECTION,,,,,,,,
1.75m chunkie lanyard,OO734,2,Jan-20, £ ,N/A,INSPECTION,,,,,,,,
1.75m chunkie lanyard,OO735,2,Jan-20, £ ,N/A,INSPECTION,,,,,,,,
1.75m chunkie lanyard,OO736,2,Jan-20, £ ,N/A,INSPECTION,,,,,,,,
1.75m chunkie lanyard,OO737,2,Jan-20, £ ,N/A,INSPECTION,,,,,,,,
Lr 1.5m BB restraint lanyard,OO738,2,Jan-20, £ ,N/A,INSPECTION,,,,,,,,
Yale CMHAF 130-02 work pos. lanyard,OO739,2,Jan-20, £ ,N/A,INSPECTION,,,,,,,,
2M 1 Tonne Webbing Sling,OO742,2,Feb-20, £ ,N/A,INSPECTION,,,,,,,,
2M 1 Tonne Webbing Sling,OO743,2,Feb-20, £ ,N/A,INSPECTION,,,,,,,,
2M 1 Tonne Webbing Sling,OO744,2,Feb-20, £ ,N/A,INSPECTION,,,,,,,,
2M 1 Tonne Webbing Sling,OO745,2,Feb-20, £ ,N/A,INSPECTION,,,,,,,,
2M 1 Tonne Polyester Sling,OO746,2,Feb-20, £ ,N/A,INSPECTION,,,,,,,,
2M 1 Tonne Polyester Sling,OO747,2,Feb-20, £ ,N/A,INSPECTION,,,,,,,,
2M 1 Tonne Polyester Sling,OO748,2,Feb-20, £ ,N/A,INSPECTION,,,,,,,,
2M 2 Tonne Polyester Sling,OO749,2,Feb-20, £ ,N/A,INSPECTION,,,,,,,,
3M 1 Tonne Polyester Sling,OO750,2,Feb-20, £ ,N/A,INSPECTION,,,,,,,,
3M 2 Tonne Polyester Sling,OO751,2,Feb-20, £ ,N/A,INSPECTION,,,,,,,,
4M 2 Tonne Round Sling,OO752,2,Feb-20, £ ,N/A,INSPECTION,,,,,,,,
4M 2 Tonne Round Sling,OO753,2,Feb-20, £ ,N/A,INSPECTION,,,,,,,,
6M 2 Tonne Polyster Sling,OO754,2,Feb-20, £ ,N/A,INSPECTION,,,,,,,,
2 Tonne Belt Hook G100,OO755,2,Feb-20, £ ,N/A,INSPECTION,,,,,,,,
Sealy E5188 Engraving Kit    S/No. 18030213,OO756,2,Feb-20, £ ,N/A,OP,,,,,,,,
Weller WHS 40 Soldering Iron   S/No. 19/14,OO757,2,Feb-20, £ ,N/A,OP,,,,,,,,
TPI A296 AC/DC Clamp on Adapter    S/No. 04530610005,OO758,2,Feb-20, £ ,N/A,B56,,,,,,,,
TPI A251 Clamp on Current Probe     S/No. 04207060075,OO759,2,Feb-20, £ ,N/A,YORK,,,,,,,,
TPI A251 Clamp on Current Probe     S/No. 04207060022,OO760,2,Feb-20, £ ,N/A,YORK,,,,,,,,
TPI A251 Clamp on Current Probe     S/No. 04205280075,OO761,2,Feb-20, £ ,N/A,YORK,,,,,,,,
A73UZ 240V Ceramic Heater,OO762,2,Feb-20, £ ,N/A,OP,,,,,,,,
A73UZ 240V Ceramic Heater,OO763,2,Feb-20, £ ,N/A,OP,,,,,,,,
Diall LED Rechargeable Light,OO764,2,Feb-20, £ ,N/A,OP,,,,,,,,
Diall LED Rechargeable Light,OO765,2,Feb-20, £ ,N/A,OP,,,,,,,,
Megger MIT1020/2 10KV Insulation Meter,OO766,2,Mar-20, £ ,N/A,N.BEERE,,,,,,,,
Fluke 381 TRMS Clamp  Meter (remote display),OO767,2,Mar-20, £ ,N/A,N.BEERE,,,,,,,,
Type C31 25KV AC LLT,OO768,2,Mar-20, £ ,N/A,N.BEERE,,,,,,,,
Titan TTB583PMP 230V Water pump,OO774,2,Mar-20, £ ,N/A,OP,,,,,,,,
EBARA JESM8 110V Water pump,OO775,2,Mar-20, £ ,N/A,OP,,,,,,,,
2.5M 2 Tonne Polyester Round Sling,OO776,2,Mar-20, £ ,N/A,DAMAGED - DESTROYED,,,,,,,,
2.5M 2 Tonne Polyester Round Sling,OO777,2,Mar-20, £ ,N/A,DAMAGED - DESTROYED,,,,,,,,
Shackle 4.75T A + B,OO778,2,Mar-20, £ ,N/A,OP,,,,,,,,
"Shackle ABS 6 3.25T - 65364, 65366",OO779,2,Mar-20, £ ,N/A,OP,,,,,,,,
"Shackle HBS 6 3.25T - 65366, 65367",OO780,2,Mar-20, £ ,N/A,OP,,,,,,,,
"Shackle GT6 12T - H02/1, H02/2",OO781,2,Mar-20, £ ,N/A,OP,,,,,,,,
Sealey CP315 Cordless Impact Driver,OO782,2,Mar-20, £ ,N/A,OP,,,,,,,,
3T Set of Cable Jacks,OO783,2,Mar-20, £ ,N/A,OP,,,,,,,,
DeWalt 18V Brushless Combi Drill 60Nm,OO793,2,Jun-20, £ ,Screwfix,M.MORRIS,,,,,,,,
DeWalt 18V Brushless Impact Driver 205Nm,OO794,2,Jun-20, £ ,Screwfix,M.MORRIS,,,,,,,,
Fluke 1652C  Multifunction Tester,OO796,2,N/A, £ ,Owned by M.Morris,M.MORRIS,,,,,,,,
De Walt DCS367N-XJ 18V Brushless Reciprocating Saw,OO799,2,Aug-20, £ ,Screwfix,J.MORELAND,,,,,,,,
De Walt 18V 4.0Ah Li-Ion Combi Drill                                                      (S/N. N811487),OO801,2,Aug-20, £ ,Screwfix,A.SMITH,,,,,,,,
"De Walt 18V XR 5"" Angle Grinder                                                              (S/N. N662231)",OO802,2,Aug-20, £ ,Screwfix,A.DAVIES,,,,,,,,
Draper Torque Wrench,OO803,2,Sep-20, £ ,N/A,OP,,,,,,,,
Silverline Torque Wrench,OO804,2,Sep-20, £ ,N/A,OP - QUARANTINE,,,,,,,,
Silverline 3 - Jaw Crimpers,OO805,2,Sep-20, £ ,N/A,M.MORRIS,,,,,,,,
Sealey 3 - Jaw Crimpers,OO806,2,Sep-20, £ ,N/A,N.BEERE,,,,,,,,
Cembre 3 - Jaw Crimpers,OO807,2,Sep-20, £ ,N/A,T.SWEENEY,,,,,,,,
Meterk - Jaw Crimpers,OO808,2,Sep-20, £ ,N/A,T.NICHOLSON,,,,,,,,
T.I.S Digital Multimeter,OO809,2,Sep-20, £ ,N/A,C.MURRAY,,,,,,,,
Fluke 15B Multimeter,OO810,2,Sep-20, £ ,N/A,P.GRAHAM,,,,,,,,
3 - Jaw Crimpers,OO811,2,Sep-20, £ ,N/A,P.GRAHAM,,,,,,,,
C.K 6 - Jaw Crimpers,OO812,2,Sep-20, £ ,N/A,P.GRAHAM,,,,,,,,
1327K Infra - Red Thermometer,OO813,2,Sep-20, £ ,N/A,OP,,,,,,,,
Fluke 1662 Multifunction Tester,OO814,2,Sep-20, £ ,N/A,P.GRAHAM,,,,,,,,
Werner 6 Tread Fibreglass Step Ladders (H) 2.18m,OO815,2,Sep-20, £ ,N/A,OP,,,,,,,,
Werner 4 Tread Step Ladder,OO816,2,Sep-20, £ ,N/A,OP,,,,,,,,
Vacmaster VJE1650SW Wet and Dry Vaccuum,OO817,2,Sep-20, £ ,N/A,OP,,,,,,,,
De Walt Battery Vacuum Cleaner,OO820,2,Nov-20, £ ,Owned by A.Smith,A.SMITH,,,,,,,,
Fluke 325 True RMS Clamp Meter,OO821,2,Nov-20, £ ,N/A,S.MULLIGAN,,,,,,,,
Fluke 117 True RMS Multi meter,OO822,2,Nov-20, £ ,N/A,S.MULLIGAN,,,,,,,,
Teng Torque Wrench,OO823,2,Nov-20, £ ,N/A,S.MULLIGAN,,,,,,,,
Milwaukee M18 SAL LED Tower Light,OO824,2,Nov-20, £ ,N/A,OP,,,,,,,,
Briticent 110v LED Light Stand,OO825,2,Nov-20, £ ,N/A,T.OGDEN - B73,,,,,,,,
Briticent 110v LED Light Stand,OO826,2,Nov-20, £ ,N/A,T.OGDEN - B73,,,,,,,,
110v Twin Light and Socket Stand,OO827,2,Nov-20, £ ,N/A,T.OGDEN - B73,,,,,,,,
LCR6/60R 60 Meter Cable Cobra,OO828,2,Nov-20, £ ,N/A,OP,,,,,,,,
Megger Test Lead Set With Probes,OO832,2,Dec-20, £ ,,YORK,,,,,,,,
2M Jointers Umbrella,OO833,2,Dec-20, £ ,Jointing Technologies,OP,,,,,,,,
A-Frame Cable Dispenser,OO834,2,Jan-21, £ ,Toolstation,OP,,,,,,,,
307543 4-Rung GRP S/W Span Frame,OO835,2,Jan-21, £ ,Speedy ,OP,,,,,,,,
SWA Red 3-Jaw Crimper,OO836,2,Jan-21, £ ,Owned by A.Davies,A.DAVIES,,,,,,,,
,,,,,,,,,,,,,,
,,,,,,,,,,,,,,
,,,,,,,,,,,,,,
,,,,,,,,,,,,,,
,,,,,,,,,,,,,,
,,,,,,,,,,,,,,
,,,,,,,,,,,,,,
,,,,,,,,,,,,,,
,,,,,,,,,,,,,,
,,,,,,,,,,,,,,
,,,,,,,,,,,,,,
,,,,,,,,,,,,,,
,,,,,,,,,,,,,,
,,,,,,,,,,,,,,
,,,,,,,,,,,,,,
,,,,,,,,,,,,,,
,,,,,,,,,,,,,,
,,,,,,,,,,,,,,
,,,,,,,,,,,,,,
,,,,,,,,,,,,,,
,,,,,,,,,,,,,,
,,,,,,,,,,,,,,
,,,,,,,,,,,,,,
,,,,,,,,,,,,,,
,,,,,,,,,,,,,,
,,,,,,,,,,,,,,
,,,,,,,,,,,,,,
,,,,,,,,,,,,,,
,,,,,,,,,,,,,,
,,,,,,,,,,,,,,
,,,,,,,,,,,,,,
,,,,,,,,,,,,,,
,,,,,,,,,,,,,,
,,,,,,,,,,,,,,
,,,,,,,,,,,,,,
,,,,,,,,,,,,,,
,,,,,,,,,,,,,,
,,,,,,,,,,,,,,
,,,,,,,,,,,,,,
,,,,,,,,,,,,,,
,,,,,,,,,,,,,,
,,,,,,,,,,,,,,
,,,,,,,,,,,,,,
,,,,,,,,,,,,,,
