,,,,,,,,,,,,
,,,,,,,,,,,,
Y01-AA-FOR-0100 Workshop Stock Record ,,,,,,,,,,,,
,,,,,,,,,,,,
PART NUMBER,DESCRIPTION,QUANTITY,BATCH/LOT/ DATE.CODE,DELIVERY NO.,DATE RECEIVED,JOB/PROJECT REF.,LOCATION,COMMENTS,REMAINING QTY,P.O NUMBER ,UNIT VALUE,TOTAL VALUE
1SNA115831R0400,D6/8 ST1-RS IP20 TERMINAL,160,,14875589,25/01/2016,A70,AA 001,,160,,£,£
1SNA115831R0400,D6/8 ST1-RS IP20 TERMINAL,138,,14875589,25/01/2016,A70,AA 002,,138,,£,£
1SNA215266R0100,FEM 8T6 END PLATE,120,,14875589,25/01/2016,A70,AA 003,,120,,£,£
1SNA215266R0100,FEM 8T6 END PLATE,99,,14875589,25/01/2016,A70,AA 004,,99,,£,£
ISNK900652R0000,SLIDING LINK,97,,14875589,25/01/2016,A70,AA 005,,97,,£,£
3005707054,E/UK END STOP,77,,174-310022,13/01/2016,A70,AA 006,,77,,£,£
ER2.5MM,IMO ER 2.5MM TERMINAL,50,,,,A54,AA 007,,50,,£,£
NSYTRV22,SCHNEIDER TERMINAL,10,,,,,AA 008,,10,,£,£
NSYTRA AB35,SCHNEIDER TERMINAL,10,,,,,AA 009,,10,,£,£
3044173,UT10 - PE TERMINAL,2,,,,,AA 010,,2,,£,£
1123000000,TRS 24VDC 1C0 AU,49,,,,,AA 011,,49,,£,£
485560000,HP1 ADP1,25,,,,,AA 012,,25,,£,£
?,HP2 ADP2,21,,,,,AA 013,,21,,£,£
0485760000,HP3 ADP3,80,,,,,AA 014,,80,,£,£
0211360000,AP SAKR BE END PLATE,101,,,,,AA015,,101,,£,£
?,AP SAK4 - 10 END PLATE,5,,,,,AA 016,,5,,£,£
0270460000,AP RSF3 END PLATE,211,,,,,AA 017,,211,,£,£
1631930000,SCHT5 S  LABEL CARRIER,156,,,,,AA 018,,156,,£,£
0292460000,SCHT5 LABEL CARRIER,80,,,,,AA 019,,80,,£,£
0292460000,SCHT5 LABEL CARRIER,80,,,,,AA 020,,80,,£,£
0292460000,SCHT5 LABEL CARRIER,66,,,,,AA 021,,66,,£,£
,,,,,,,AA 022,,,,£,£
9501160000,RSF3/35 TERMINAL,250,,,,,AA 023,,250,,£,£
9501160000,RSF3/35 TERMINAL,250,,,,,AA 024,,250,,£,£
9501160000,RSF3/35 TERMINAL,250,,,,,AA 025,,250,,£,£
9501160000,RSF3/35 TERMINAL,116,,,,,AA 026,,116,,£,£
,,,,,,,AA 027,,,,£,£
0538960000,DK4D TS35/053896 PA TERMINAL,26,,,,,AA 028,,26,,£,£
0396360000,DK4/35 ID GET.SCH TERMINAL,35,,,,,AA 029,,35,,£,£
,SAKR TERMINAL,97,,,,,AA 030,,97,,£,
0128660000,SAK 2.5/EN TERMINAL,199,,,,,AA 031 ,,199,,£,£
0206160000,EWK1 END STOP,78,,,,,AA 032,,78,,£,£
,,,,,,,AA 033,,,,£,£
0383560000,EW35 END STOP,6,,,,,AA 034 ,,6,,£,£
?,EWK 2 END STOP,23,,,,,AA 035,,23,,£,£
0448460000,STL 5/EN,50,,,,,AA 036,,50,,£,£
9537440000,WDU4 SL,85,,,,,AA 037,,85,,£,£
?,WTL 6/1 LINK TERMINAL,2,,,,,AA 038,,2,,£,£
9537490000,WDU10 SL/EN TERMINAL,13,,,,,AA 039,,13,,£,£
,WDU 6,23,,,,,AA 040,,23,,£,£
,WDU 2.5,10,,,,,AA 041,,10,,£,£
,,,,,,,AA 042,,,,£,£
,,,,,,,AA 043,,,,£,£
9538080000,WTL 6 SL/EN,47,,,,,AA 044,,47,,£,£
815-767,SL 4 2-WAY EARTH TERMINAL,38,N/A,N/A,N/A,N/A,AA 045,,38,,£,£
,WPE 4 TERMINAL,10,,,,,AA 046,,10,,£,£
,EK 2.5N TERMINAL,94,,,,,AA 047,,94,,£,£
,WPE 2.5 TERMINAL,5,,,,,AA 048,,5,,£,£
,EK 4 TERMINAL,15,,,,,AA 049,,15,,£,£
0359280000,DK4 AP END PLATE BLUE,20,,,,,AA 050,,20,,£,£
9538110000,WAP WTL6 SL,12,,,,,AA 051,,12,,£,£
0447260000,AP ST5 END PLATE,51,,,,,AA 052,,51,,£,£
,WAP WTL 6/1 END PLATE,2,,,,,AA 053,,2,,£,£
,AP DK 4Q END PLATE,8,,,,,AA 054,,8,,£,£
0497560000,RSF3 PA TERMINAL,27,,,,,AA 055,,27,,£,£
,SAK 16 TERMINAL,3,,,,,AA 056,,3,,£,£
,AP 2.5 END PLATE,5,,,,,AA 057,,5,,£,£
,SAKT1 AP END PLATE,10,,,,,AA 058,,10,,£,£
,END PLATE,4,,,,,AA 059,,4,,£,£
0330620000,SAKT 2/LT STB,50,,,,,AA 060,,50,,£,£
0437920000,SAKT 1/LT STB14/4 TERMINAL,48,,,,,AA 061,,48,,£,£
,SAKC 10/35 TERMINAL,12,,,,,AA 062,,12,,£,£
,SAK 4 TERMINAL,8,,,,,AA 063,,8,,£,£
,DK4 Q TERMINAL,22,,,,,AA 064,,22,,£,£
,SAK 6N TERMINAL,23,,,,,AA 065,,23,,£,£
425-667,SAKR TERMINAL,22,,,,,AA 066,,22,,£,£
0294000000,STR 5 F.SCHT 5 COVER,60,,,,,AA 067,,60,,£,£
,,,,,,,AA 068,,,,£,£
718-0973,2 POLE JUMPER BAR SAK SERIES,10,,,,,AA 069,,10,,£,£
718-0945,,10,,,,,AA 070,,10,,£,£
197-9553,,19,,,,,AA 071,,19,,£,£
G35 - 16IBLF/T,RED,,,,,A75,AB 001,,,,£,£
CCTP 10,,,,,,,AB 002,,,,£,£
,,,,,,,AB 003,,,,£,£
,,,,,,,AB 004,,,,£,£
CIHBL3-3.2,,550,Jan-17,,,A88,AB 005,,,,£,£
CIHBL3-4.6,,650,Jan-17,,,A88,AB 006,,9,,£,£
KIHBL6-4.8VG,YELLOW WIDE HOOK CRIMP,97,,,,A54,AB 007,,97,,£,£
8MM,YELLOW RING CRIMP,69,,,,,AB 008,69 - A99,0,,£,£
8MM,YELLOW RING CRIMP,44,,,,A88,AB 009,,44,,£,£
43YER,YELLOW RING CRIMP,488,,,,,AB 010,,488,,£,£
65YER,YELLOW RING CRIMP,100,,,,A54,AB 011,100 - A99,0,FROM A54,£,£
65YER,YELLOW RING CRIMP,200,,,,A75,AB 011,100 - A88  100 - A99,0,FROM A75,£,£
65RER,RED RING CRIMP,300,,,,A88,AB 012,300 - A99,0,FROM A88,£,£
8MM,RED RING CRIMP,200,,,,,AB 013,200 - A99,0,,£,£
5MM,RED RING CRIMP,200,,,,,AB 014,100 - A99  100 - A54,0,,£,£
37RER,RED RING CRIMP,100,,,,A88,AB 015,100 - A99,0,FROM A88,£,£
,,,,,,,AB 016,,,,£,£
534-373,RED 3MM THIN HOOK CRIMP,200,,,,,AB 017,200 - A88  100 - A99,0,,£,£
,RED WIDE HOOK CRIMP,1000,,,,,AB 018,200 - A99  100 - CH,800,,£,£
,RED WIDE HOOK CRIMP,200,,,,A88,AB 019,,1000,,£,£
,RED RING CRIMP,800,,,,A88,AB 020,200 - A99  100 - A54,600,,£,£
CNIR1-4RA,RED ANGLED RING CRIMP,200,,,,,AB 021 ,200 - A88,0,,£,£
CNIB1-14,RED THIN BLADE CRIMP,300,,,,,AB 022,300 - A99,0,,£,£
,RED THIN HOOK CRIMP,100,,,,,AB 023,100 - A99,0,,£,£
,BLUE THIN HOOK CRIMP,100,,,,,AB 024,100 - A99,0,,£,£
,BLUE WIDE HOOK CRIMP,100,,,,,AB 025,100 - A99,0,,£,£
,,,,,,,AB 026,,,,£,£
,BLUE WIDE HOOK CRIMP,1000,,,,,AB 027,200 - A99  100 - CH,800,,£,£
30 BHB,BLUE THIN HOOK CRIMP,700,,,,,AB 028,,700,,£,£
,BLUE THIN BLADE CRIMP,100,,,,,AB 029,100 - A99,100,,£,£
,,,,,,,AB 030,,,,£,£
,,,,,,,AB 031,,,,£,£
43BER,,100,,,,A88,AB 032,,,,£,£
BP-L4,BLUE ANGLED RING CRIMP,700,,,,,AB 033,100 - A95,700,,£,£
22Z/R6S11/SR,ROTARY SWITCH,1,,,,,AB 034,,1,,£,£
R6Q21/1,ROTARY SWITCH,4,,,,,AB 035,,4,,£,£
330-8616,ROTARY SWITCH,1,,,,,AB 036 ,,1,,£,£
R6D11/SRSALHC,ROTARY SWITCH,5,,,,,AB 037,,5,,£,£
CC34,MINI SWITCH,2,,,,,AB 038,,2,,£,£
,,,,,,,AB 039,,,,£,£
412-560,,,,,,,AB 040,,,,£,£
183-641,POWER SUPPLY,1,,,,A54,AB 041,,1,,£,£
776-0948,HAZARD ELECTRICITY WARNING LABEL,250,,,,A75,AB 042,,250,,£,£
776-0948,HAZARD ELECTRICITY WARNING LABEL,500,,,,A70,AB 042,,500,,,
776-0948,HAZARD ELECTRICITY WARNING LABEL,"5,000",,,,A88,AB 042,,"5,000",,,
NS 4A,LAWSON HRC CARTRIDGE FUSE(BLADE),5,,N/A,N/A,N/A,AB 043,,5,FROM S.B,£,£
NS 10A,LAWSON HRC CARTRIDGE FUSE(BLADE),12,,N/A,N/A,N/A,AB 044,,12,FROM S.B,£,£
NS 20A,LAWSON HRC CARTRIDGE FUSE(BLADE),16,,N/A,N/A,N/A,AB 045,,16,FROM S.B,£,£
NIT 6A,LAWSON HRC CARTRIDGE FUSE,14,,N/A,N/A,N/A,AB 046,,14,FROM S.B,£,£
NIT 10A,LAWSON HRC CARTRIDGE FUSE,15,,N/A,N/A,N/A,AB 047,,15,FROM S.B,£,£
NIT 16A,LAWSON HRC CARTRIDGE FUSE,7,,N/A,N/A,N/A,AB 048,,7,FROM S.B,£,£
216-5597,RS 20A HRC CARTRIDGE FUSE,11,,N/A,N/A,N/A,AB 049,,11,FROM S.B,£,£
NIT 4A,GEC HRC CARTRIDGE FUSE,11,,N/A,N/A,N/A,AB 050,,11,FROM S.B,£,£
NIT 6A,GEC HRC CARTRIDGE FUSE,13,,N/A,N/A,N/A,AB 051,,13,FROM S.B,£,£
NITD 2A,BUSSMAN HRC CARTRIDGE FUSE,25,,N/A,N/A,N/A,AB 052,,25,FROM S.B,£,£
NITD 4A,BUSSMAN HRC CARTRIDGE FUSE,8,,N/A,N/A,N/A,AB 053,,8,FROM S.B,£,£
NITD 10A,BUSSMAN HRC CARTRIDGE FUSE,7,,N/A,N/A,N/A,AB 054,,7,FROM S.B,£,£
NSD 20A,BUSSMAN HRC CARTRIDGE FUSE(BLADE),8,,N/A,N/A,N/A,AB 055,,8,FROM S.B,£,£
AA0 16A,BUSSMAN HRC CARTRIDGE FUSE,26,,N/A,N/A,N/A,AB 056,,26,FROM S.B,£,£
NIT 4A,GE POWER HRC CARTRIDGE FUSE,7,,N/A,N/A,N/A,AB 057,,7,FROM S.B,£,£
NIT 10A,GE POWER HRC CARTRIDGE FUSE,6,,N/A,N/A,N/A,AB 058,1 - A99,5,FROM S.B,£,£
GNIT 20A,GE POWER HRC CARTRIDGE FUSE,8,,N/A,N/A,N/A,AB 059,,8,FROM S.B,£,£
415-109,RS NIT 2A HRC CARTRIDGE FUSE,5,,N/A,N/A,N/A,AB 060,,5,FROM S.B,£,£
414-617,RS NIT 6A HRC CARTRIDGE FUSE,17,,N/A,N/A,N/A,AB 061,,17,FROM S.B,£,£
414-639,RS NIT 16A HRC CARTRIDGE FUSE,5,,N/A,N/A,N/A,AB 062,,5,FROM S.B,£,£
415-165,RS TIA 25A HRC CARTRIDGE FUSE,11,,N/A,N/A,N/A,AB 063,,11,FROM S.B,£,£
415-159,RS TIA 20A HRC CARTRIDGE FUSE,14,,N/A,N/A,N/A,AB 064,,14,FROM S.B,£,£
415-143,RS TIA 16A HRC CARTRIDGE FUSE,11,,N/A,N/A,N/A,AB 065,,11,FROM S.B,£,£
415-137,RS TIA 10A HRC CARTRIDGE FUSE,16,,N/A,N/A,N/A,AB 066,,16,FROM S.B,£,£
703-3997,RS OIL FILLED SWITCHGEAR FUSE,3,,N/A,N/A,N/A,AB 067,,3,FROM S.B,£,£
703-3997,RS OIL FILLED SWITCHGEAR FUSE,3,,N/A,N/A,N/A,AB 068,,3,FROM S.B,£,£
221-597,RS 20A FUSE  + HOUSING,13,,N/A,N/A,N/A,AB 069,,13,FROM S.B,£,£
RS20,RS 20A FUSE HOLDER,41,,N/A,N/A,N/A,AB 070,,41,FROM S.B,£,£
,,,,,,,AB 071,,,,£,£
,,,,,,,AB 072,,,,£,£
485-2912,WIREWOUND RESISTOR 470R 7W 6X22 5%,4,N/A,1136129089,29/11/2017,A95,AC 001,,4,PO002647,£,£
485-2984,WIREWOUND RESISTOR 1K2 7W 6X22 5%,1,N/A,1136129089,29/11/2017,A95,AC 002,,1,PO002647,£,£
485-2978,WIREWOUND RESISTOR 1K 7W 6X22 5%,1,N/A,1136129089,29/11/2017,A95,AC 003,,1,PO002647,£,£
485-2928,WIREWOUND RESISTOR 560R 7W 6X22 5%,5,N/A,1136129089,29/11/2017,A95,AC 004,,5,PO002647,£,£
707-8855,CARBON RESISTOR 560R 2W 5%,3,N/A,1136129089,29/11/2017,A95,AC 005,,3,PO002547,£,£
707-8215,CARBON AXIAL RESISTOR 0.5W,5,N/A,1136129089,29/11/2017,A95,AC 006,,5,FROM A29,£,£
737-4216,A1 CAP RADIAL NRSZ 50V 68UF,19,N/A,1136129089,29/11/2017,A95,AC 007,,19,PO002547,£,£
,,,,,,,AC 008,,,,£,£
628-8931,1N4001-E3/54 DIODE,,,,,,AC 009,,,,£,£
763-9469,47  50 CAPACITOR,,,,,,AC 010,,,,£,£
684-2204,MKP 338 CAPACITOR  300V,,,,,,AC 011,,,FROM A,£,£
108-2312,MKS2 10 nF CAPACITOR,,,,,,AC 012,,,,£,£
W23,1K RESISTOR,9,,,,A70,AC 013,,,,£,£
,,,,,,A54,AC 014,,,,£,£
,,,,,,A54,AC 015,,,,£,£
,,,,,,,AC 016,,,,£,£
2500556321,20 - WAY RESISTOR MOUNTING BOARD,2,N/A,19990589,22/09/2016,A70,AC 017,,2,PO001654,£,£
286-4520,M4 DIN RAIL MOUNTING CLIP,10,,,,A70,AC 018,,,,£,£
,,,,,,,AC 019,,,,£,£
246-7988,2M RED SHROUDED LEAD 4MM,,,,,,AC 020,,,,£,£
246-7994,2M BLACK SHROUDED LEAD 4MM,,,,,,AC 021,,,,£,£
771-8262,D-SUB 9-WAY CONNECTOR,,,,,,AC 022,,,,£,£
473-880,D-SUB 9-WAY CONNECTOR,,,,,,AC 023,,,,£,£
615-5954,9-WAY TERMINAL D-SUB CONN.,,,,,,AC 024,,,,£,£
615-6020,,,,,,,AC 025,,,,£,£
JB68Y,METALLISED 9-WAY D-SUB,,,,,,AC 026,,,,£,£
,,,,,,,AC 027,,,,£,£
,,,,,,,AC 028,,,,£,£
709-3810,TT93 16 A FEMALE CRIMP SIZE 16,,,,,,AC 029,,,,£,£
,,,,,,,AC 030,,,,£,£
,,,,,,,AC 031,,,,£,£
,,,,,,,AC 032,,,,£,£
,,,,,,,AC 033,,,,£,£
,,,,,,,AC 034,,,,£,£
,,,,,,,AC 035,,,,£,£
260-104,CONTACT BLOCK,,,,,,AC 036,,,,£,£
404-137,4MM MULTI CONTACT SOCKET,,,,,,AC 037,,,,£,£
404-171,4MM MULTI CONTACT SOCKET,,,,,,AC 038,,,,£,£
226-3045,4MM MULTI CONTACT SOCKET,,,,,,AC 039,,,,£,£
226-3051,4MM MULTI CONTACT SOCKET,,,,,,AC 040,,,,£,£
E22PCM,,,,,,,AC 041,,,,£,£
,,,,,,,AC 042,,,,£,£
,,,,,,,AC 043,,,,£,£
,,,,,,,AC 044,,,,£,£
,,,,,,,AC 045,,,,£,£
,,,,,,,AC 046,,,,£,£
,GREEN CONTACT BLOCK,,,,,,AC 047,,,,£,£
192-2765,,,,,,,AC 048,,,,£,£
UMK-SE 11.25-1,,,,,,,AC 049,,,,£,£
760-8847,,,,,,,AC 050,,,,£,£
,,,,,,,AC 051,,,,£,£
,,,,,,,AC 052,,,,£,£
,,,,,,,AC 053,,,,£,£
709-3709,TT238ES 55 BACKSHELL,,,,,,AC 054,,,,£,£
,,,,,,,AC 055,,,,£,£
,,,,,,,AC 056,,,,£,£
,,,,,,,AC 057,,,,£,£
219-5526,RED PUSH BUTTON SWITCH,6,,N/A,N/A,A29,AC 058,,6,FROM S.B,£,£
205-892,YELLOW LED 18MM LAMP 12V,7,,N/A,N/A,A29,AC 059,,7,FROM S.B,£,£
203-672,RED LED 18MM LAMP 24V,2,,N/A,N/A,A29,AC 060,,2,FROM S.B,£,£
,,,,,,,AC 061,,,,£,£
,,,,,,,AC 062,,,,£,£
,,,,,,,AC 063,,,,£,£
,JTECH MCB LOCK OFF,,,,,A70,AC 064,,,,£,£
203-672,RED LED 18MM LAMP  24V,,,,,,AC 065,,,,£,£
205-892,YELLOW LED 18MM LAMP 12V,,,,, A29  ,AC 066,,,,£,£
205-892,YELLOW LED 18MM LAMP 12V,7,,,,A54,AC066,,,,,
203-688,GREEN LED 18MM LAMP 24V,17,,,,A54,AC 067,,,,£,£
219-5526,GREEN PUSH BUTTON SWITCH,,,,,,AC 068,,,,£,£
,,,,,,,AC 069,,,,£,£
,,,,,,,AC 070,,,,£,£
,,,,,,,AC 071,,,,£,£
,,,,,,,AC 072,,,,£,£
28-5131,MCB,,,,,,AC 073,,,,£,£
AUX 2C0,MCB,,,,,A70,AC 074,,,,£,£
,,,,,,,AC 075,,,,£,£
S 201 M,MCB,,,,,,AC 076,,,,£,£
C2,MCB,,,,,A70,AC 077,,,,£,£
C4,MCB,,,,,A70,AC 078,,,,£,£
C6,MCB,,,,,A70,AC 079,,,,£,£
C10,MCB,,,,,A70,AC 080,,,,,
C16,MCB,,,,,A70,AC 081,,,,,
C60 HC,MCB,,,,,,AC 082,,,,,
C60 HB,MCB,,,,,,AC 083,,,,,
IC60H,MCB,,,,,,AC 084,,,,,
5SY,MCB,,,,,,AC 085,,,,,
AUX ,MCB,,,,,,AC 086,,,,£,£
AUX 1CO,MCB,,,,,,AC 087,,,,£,
SH 201,MCB,,,,,,AC 088,,,,£,
,,,,,,,AC 089,,,,£,
,,,,,,,AC 090,,,,£,
684-2204         ,MKP 338 CAPACITOR  300V,19,N/A,N/A,N/A,,AD 001,,19,FROM A29  ,£,£
260-104,BACO 6A CONTACT BLOCK,4,N/A,N/A,N/A,,AD 002,,4,FROM A29,£,£
404-137,4MM MULTI CONTACT SOCKET,2,N/A,N/A,N/A,,AD 003,,2,FROM A29,£,£
404-171,4MM MULTI CONTACT SOCKET,2,N/A,N/A,N/A,,AD 004,,2,FROM A29,£,£
226-3045,4MM MULTI CONTACT SOCKET,6,N/A,N/A,N/A,,AD 005,4 - A95,2,FROM A29,£,£
226-3051,4MM MULTI CONTACT SOCKET,6,N/A,N/A,N/A,,AD 006,4 - A95,2,FROM A29,£,£
108-2312,MKS2 10 nF CAPACITOR,14,N/A,N/A,N/A,,AD 007,,14,FROM A29,£,£
771-8262,D-SUB 9-WAY CONNECTOR,1,N/A,N/A,N/A,,AD 008,,1,FROM A29,£,£
473-880,D-SUB 9-WAY CONNECTOR,2,N/A,N/A,N/A,,AD 009,,2,FROM A29,£,£
615-5954,9-WAY TERMINAL D-SUB CONN.,2,N/A,N/A,N/A,,AD 010,,2,FROM A29,£,£
763-9469,47  50 CAPACITOR,22,N/A,N/A,N/A,,AD 011,,22,FROM A29,£,£
707-8215,CARBON AXIAL RESISTOR    0.5W,10,N/A,N/A,N/A,,AD 012,,10,FROM A29,£,£
246-7994,2M BLACK SHROUDED LEAD 4MM,10,N/A,N/A,N/A,,AD 013,4 - A95,6,FROM A29,£,£
246-7988,2M RED SHROUDED LEAD 4MM,10,N/A,N/A,N/A,,AD 014,4 - A95,6,FROM A29,£,£
720-5120,25W WIREWOUND RESISTOR,1,N/A,N/A,N/A,,AD 015,1 - A95,0,FROM A29,£,£
203-672,RED LED 18MM LAMP  24V,2,N/A,N/A,N/A,,AD 016,,2,FROM A29,£,£
212-064,RED LED 16MM LAMP  48-65V,4,N/A,N/A,N/A,,AD 017,4 - A95,0,FROM A29,£,£
205-892,YELLOW LED 18MM LAMP 12V,7,N/A,N/A,N/A,,AD 018,,7,FROM A29,£,£
212-224,YELLOW LED 18MM LAMP 48V,1,N/A,N/A,N/A,,AD 019,,1,,£,£
219-5526,GREEN PUSH BUTTON SWITCH,6,N/A,N/A,N/A,,AD 020,5 - A95,1,FROM A29,£,£
219-5548,RED PUSH BUTTON SWITCH,2,N/A,N/A,N/A,,AD 021,2 - A95,0,FROM A29,£,£
L717SD,D TYPE 9 PIN PCB MOUNT SOCKET,2,,,,,AD 022,,2,,£,£
,PUSH BUTTON,1,,,,,AD 023,,1,,£,£
628-8931,1N4001-E3/54 DIODE,6,N/A,N/A,N/A,,AD 024,,6,FROM A29,£,£
JB68Y,METALLISED D SUB HOOD 9 WAY,2,N/A,N/A,N/A,,AD 025,,2,FROM A29,£,£
TT2310,SOCKET CONNECTOR,2,N/A,N/A,N/A,,AD 026,,2,FROM A29,£,£
R6Q21/1,6A 2 POS. OFF/ON  90 DEGREE,4,N/A,N/A,N/A,,AD 027,,4,FROM A29,£,£
709-3810,TT93 16 A FEMALE CRIMP SIZE 16,72,N/A,N/A,N/A,,AD 028,,72,FROM A29,£,£
,STRAIGHT CONNECTOR,2,,,,,AD 029,,2,,£,£
,STRAIGHT CONNECTOR,1,,,,,AD 030,,1,,£,£
,DOOR HINGES,10,,,,,AD 031,,10,,£,£
,PLATE,8,,,,,AD 032,,8,,£,£
,U BRACKET,30,,,,,AD 033,1 -A88,29,,£,£
,DOOR CATCH,2,,,,,AD 034,,2,,£,£
10 52 00 2,MARKER STRIP,20,N/A,N/A,N/A,,AD 035,,20,FROM S.B,£,£
197-9553,10 POLE JUMPER BAR KIT ,20,N/A,N/A,N/A,,AD 036,W/M 0338300000     QL 10  SAK6N,20,FROM S.B,£,£
0194300000,CROSS CONNECTOR  2 POLE,100,N/A,N/A,N/A,,AD 037,QL2 SAK6N,100,FROM S.B,£,£
512-4038, CARBON STEEL  BLIND RIVET,30,N/A,N/A,N/A,,AD 038,14MM RIVET - 4MM DIAMETER,30,FROM S.B,£,£
468192,LEAF HINGES,42,N/A,N/A,N/A,,AD 039,,42,FROM A29,£,£
709-3709,TT238ES 55 BACKSHELL,8,N/A,N/A,N/A,,AD 040,,8,FROM A29,£,£
,CIR CLIPS,40,,,,,AD 041,,40,,£,£
,MD45 POWER SUPPLY,1,,,,,AD 042,,1,,£,£
,M3 TOP HAT CLIPS,5,,,,,AD 043,,5,,£,£
,25-20MM REDUCERS,16,,,,,AD 044,,16,,£,£
,32-20MM REDUCERS,10,,,,,AD 045,,10,,£,£
,32-25MM REDUCERS,6,,,,,AD 046,,6,,£,£
,25MM NUTS,25,,,,,AD 047,,25,,£,£
,20MM NUTS,19,,,,,AD 048,,19,,£,£
AW 41,WALL MOUNTING BRACKET,4,N/A,N/A,N/A,A54,AD 049,,4,FROM S.B,£,£
723-5033,5.1MM BUMPER/FEET,20,N/A,N/A,N/A,,AD 050,12 - A95,20,FROM A29,£,£
,TD 32 DC,2,,,,,AD 051,,2,,£,£
,,,,,,,AD 052,,,,£,£
S0850H,M8 INSULATORS,16,N/A,N/A,N/A,,AD 053,2 - A75   4 - A72,10,FROM S.B,£,£
514-432,RTD SENSOR  PT100,3,N/A,N/A,N/A,,AD 054,WITH A MINIATURE WEATHER PROOF HEAD,3,FROM S.B,£,£
,,,,,,,AD 055,,,,£,£
NSYPFCR,WALL MOUNT FOR 3D ENCL.,4,N/A,N/A,N/A,,AD 056,,4,FROM S.B,£,£
,,,,,,,AD 057,,,,£,£
CC 34,MINI SWITCH 20A SNAP ACTION,2,N/A,N/A,N/A,,AD 058,,2,FROM S.B,£,£
TLM 2257,FROST ROOM THERMOSTAT,1,N/A,N/A,N/A,,AD 059,,1,FROM S.B,£,£
5502S,SENTRY ENCLOSURE,5,N/A,N/A,N/A,,AD 060,,5,FROM S.B,£,£
PM16/1000FPB,IND. PLUG  2P+E 16A  110V,2,N/A,N/A,N/A,,AD 061,,2,FROM S.B,£,£
PM16/2000FPB,IND.CONN. 2P+E 16A  110V,3,N/A,N/A,N/A,,AD 062,,3,FROM S.B,£,£
,TD 23 DC,1,,,,,AD 063,,1,,£,£
,TD 36 ,1,,,,,AD 064,,1,,£,£
,TELE.EXCH. SIMULATOR,5,N/A,N/A,N/A,,AD 065,AUTO TELEPHONE EXCH. SIMULATOR,5,FROM A29,£,£
R6D11,R6D11/SR  ROTARY SWITCH,5,N/A,N/A,N/A,,AD 066,,5,,£,£
,TELEPHONE POINT,4,,,,,AD 067,,4,,£,£
,CK222,3,,,,,AD 068,,3,,£,£
,,,,,,,AD 069,,,,£,£
,D2600/FT,7,,,,,AD 070,,7,,£,£
ESB 3.2,GREEN/YELLOW HEATSHRINK,10,N/A,N/A,N/A,,AE 001,,10M,FROM S.B,£,£
ESB 12.7,GREEN/YELLOW HEATSHRINK,5,,N/A,N/A,,AE 002,,5M,FROM S.B,£,£
ESB 2.4,BLUE HEATSHRINK,8,,N/A,N/A,,AE 003,,8M,FROM S.B,£,£
ESB 12.7,GREY HEATSHRINK,14,N/A,N/A,N/A,,AE 004,,14M,FROM S.B,£,£
ESB 19.1,GREY HEATSHRINK,5,N/A,N/A,N/A,,AE 005,,5M,FROM S.B,£,£
ESB 9.5,BLACK HEATSHRINK,10,N/A,N/A,N/A,,AE 006,,10M,FROM S.B,£,£
,,,N/A,,,,AE 007,,,,£,£
ESB 12.7,BROWN HEATSHRINK,8,N/A,N/A,N/A,,AE 008,,8M,FROM S.B,£,£
ESB 19.1,BROWN HEATSHRINK,5,N/A,N/A,N/A,,AE 009,,5M,FROM S.B,£,£
HIS 3 12.4,BROWN HEATSHRINK,,N/A,N/A,N/A,,AE 010,,20 x 200MM,FROM S.B,£,£
,,,,,,,AE 011,,,,£,£
,,,,,,,AE 012,,,,£,£
,,,,,,,AE 013,,,,£,£
,,,,,,,AE 014,,,,£,£
ESB 12.7,BLACK HEATSHRINK,9,,N/A,N/A,,AE 015 ,,9M,FROM S.B,£,£
,GREY HEATSHRINK,10,,,,,AE 016,,10M,FROM S.B,£,£
ESB 19.1,BLUE HEATSHRINK,10,N/A,N/A,N/A,,AE 017,,10M,FROM S.B,£,£
,BLUE HEATSHRINK,3,N/A,N/A,N/A,,AE 018,,3M,FROM S.B,£,£
,GREY HEATSHRINK,2,N/A,N/A,N/A,,AE 019,,2M,FROM S.B,£,£
,GREY HEATSHRINK,2,N/A,N/A,N/A,,AE 020,,2M,FROM S.B,£,£
,BROWN HEATSHRINK,2,,,,,AE 021,,2M,,£,£
,BROWN HEATSHRINK,5,,,,,AE 022,,5M,,£,£
,RED HEATSHRINK,3,,,,,AE 023,,3M,,£,£
,BLACK HEATSHRINK,2,,,,,AE 024,,2M,,£,£
,BLACK CABLE SOCK,10,,,,,AE 025,,10M,,£,£
,BLACK CABLE SOCK,1,,,,,AE 026,,1M,,£,£
,BLACK CABLE SOCK,4,,,,,AE 027,,4M,,£,£
,GREY CABLE SOCK,3,,,,,AE 028,,3M,,£,£
HS 38,RED HEATSHRINK,8M,,,,A54,AE 029,,8M,,£,£
,,,,,,,AE 030,,,,£,£
,,,,,,,AE 031,,,,£,£
700-4481,HEATSHRINK,20,,N/A,N/A,,AE 032,,20M,FROM S.B,£,£
700-4484,HEATSHRINK,38,,N/A,N/A,,AE 033,,38M,FROM S.B,£,£
700-4504,HEATSHRINK,32,,N/A,N/A,,AE 034,,32M,FROM S.B,£,£
700-4507,HEATSHRINK,36,,N/A,N/A,,AE 035,,36M,FROM S.B,£,£
700-4541,HEATSHRINK,32,,N/A,N/A,,AE 036,2M-A88 2 ROLLS - B06,30M,FROM S.B,£,£
700-4548,HEATSHRINK,24,,N/A,N/A,,AE 037,,24M,FROM S.B,£,£
,,,,,,,AE 038,1 - B06,,,£,£
,,,,,,,AE 039,1 - B06,,,£,£
,,,,,,,AE 040,,,,£,£
,,,,,,,AE 041,,,,£,£
256-0071,,200,,,,,AE 042,,200,,£,£
,FEMALE SOCKET CRIMP,100,,,,,AE 043,,100,,£,£
,,,,,,,AE 044,,,,£,£
,,,,,,,AE 045,,,,£,£
,,,,,,,AE 046,,,,£,£
,15MM CABLE SOCK,5,,,,,AE 047,,5M,,£,£
AT7,PVC WHITE TAPE,20 ROLLS,N/A,174-308798,14/12/2015,,AE 048,1 - A29   5 - A54   6 - A70   3 - A72  1 - A83  4 - A75,0,PO001345,£,£
,BLACK INSULATION TAPE,1 ROLL,,,,,AE 049,,1 ROLL,,£,£
,BLACK INSULATION TAPE,2 ROLLS,,,,,AE 050,,2 ROLLS,,£,£
,EARTH INSULATION TAPE,2 ROLLS,,,,,AE 051,,2 ROLLS,,£,£
,SELF AMALGAMATING TAPE,1 ROLL,,,,,AE 052,A75 - 2 x 3m check,1 ROLL,,£,£
,BLACK POLYESTER BAND,10M,,,,,AE 053,,10M,,£,£
,SELF BONDING TAPE,6 ROLLS,,,,,AE 054,,6 ROLLS,,£,£
,BLACK NON ADHESIVE TAPE,2 ROLLS,,,,,AE 055,,2 ROLLS,,£,£
,,,,,,,AE 056,,,,£,£
,PTFE TAPE,1 ROLL,,,,,AE 057,,1 ROLL,,£,£
,,,,,,,AE 058,,,,£,£
,BLACK CANVAS TAPE,2 ROLLS,,,,,AE 059,,2 ROLLS,,£,£
,DENSYL TAPE,4 ROLLS,,,,,AE 060,,4 ROLLS,,£,£
,DENSYL TAPE,4 ROLLS,,,,,AE 061,,4 ROLLS,,£,£
,EMERY TAPE - 400,3 ROLLS,,,,,AE 062,,3 ROLLS,,£,£
,EMERY TAPE - 240,1 ROLL,,,,,AE 063,,1 ROLL,,£,£
,EMERY TAPE - 222/240,,,,,,AE 064,,,,£,£
,EMERY TAPE - 320,1 ROLL,,,,,AE 065,,1 ROLL,,£,£
,150MM SANDING DISC,20,,,,,AE 066,,20,,£,£
,EMERY TAPE 400,1 ROLL,,,,,AE 067,,1 ROLL,,£,£
,P40  150MM SANDING DISC,22,,,,,AE 068,,22,,£,£
,P80  150MM SANDING DISC,50,,,,,AE 069,,50,,£,£
,P40  150MM SANDING DISC,50,,,,,AE 070,,50,,£,£
,MEDIUM EMERY PAPER,6 SHEETS,,,,,AE 071,,6 SHEETS,,£,£
,MEDIUM WIRE WOOL,1 BOX,,,,,AE 072,,1 BOX,,£,£
,WEATHERPROOF COMPOUND,2,,,,,AE 073,,2,,£,£
,FOAM TAPE,3,,,,,AE 074,,3,,£,£
,HAZARD TAPE,2 ROLLS,,,,,AE 075,,2 ROLLS,,£,£
474-549,BLACK P - CLIP,,,,,,AF 001,,,,£,£
RCHJ37,BLACK P - CLIP,,,,,,AF 002,,,,£,£
BSW340,32MM CONDUIT P - CLIP,,,,,,AF 003,,,,£,£
BSW210,20MM CONDUIT P - CLIP,,,,,,AF 004,,,,£,£
13591-0-100,"3/4"" TAP WASHER",,,,,A70,AF 005,,,,£,£
817-8855,BLACK PLASTIC BLANKING PLUG,,,,,A70,AF 006,,,,£,£
M8,BLACK M8 RUBBER WASHER,100,,,,A54,AF 007,,100,,£,£
,,,,,,,AF 008,,,,£,£
,,,,,,,AF 009,,,,£,£
,,,,,,,AF 010,,,,£,£
,,,,,,,AF 011,,,,£,£
,,,,,,,AF 012,,,,£,£
,,,,,,,AF 013,,,,£,£
,,,,,,,AF 014,,,,£,£
20MM,BLACK 20MM BLIND GROMET,,,,,,AF 015,,,,£,£
25MM,BLACK 25MM BLIND GROMET,,,,,,AF 016,,,,£,£
32MM,BLACK 32MM BLIND GROMET,,,,,,AF 017,,,,£,£
,,,,,,,AF 018,,,,£,£
,,,,,,,AF 019,,,,£,£
,,,,,,,AF 020,,,,£,£
INSM20/20 (PLASTIC),M20 x M20 INSULATED GLAND ADAPTOR,10,N/A,174-402451,23/01/2018,A72,AF 021,,,PO002746,£,£
INSM25/25 (PLASTIC),M25 x M25 INSULATED GLAND ADAPTOR,,N/A,174-402451,23/01/2018,A72,AF 022,4 - A99,,PO002746,£,£
INSM32/32 (PLASTIC),M32 x M32 INSULATED GLAND ADAPTOR,,N/A,174-402451,23/01/2018,A72,AF 023,,,PO002746,£,£
,,,,,,,AF 024,,,,£,£
INSM50/50 (PLASTIC),M50 x M50 INSULATED GLAND ADAPTOR,10,N/A,174-402962,29/01/2018,A72,AF 025,,10,PO002746,£,£
INSM50/50 (PLASTIC),M50 x M50 INSULATED GLAND ADAPTOR,4,N/A,174-402090,29/01/2018,A72,AF 025,,4,PO002749,,
M20 (BRASS /PLASTIC),M20 x M20 INSULATED GLAND ADAPTOR,,,,,,AF 026,10 - A99,,,£,£
M25 (BRASS/PLASTIC),M25 x M25 INSULATED GLAND ADAPTOR,,,,,,AF 027,2 - A99,,,£,£
M32 (BRASS/PLASTIC),M32 x M32 INSULATED GLAND ADAPTOR,,,,,,AF 028,,,,£,£
M20,M20 GALV. BLANKING PLUG,,,,,,AF 029,2 -MM,,,£,£
M25,M25 GALV. BLANKING PLUG,,,,,,AF 030,2 - MM,,,£,£
,,,,,,,AF 031,,,,£,£
,,,,,,,AF 032,,,,£,£
,,,,,,,AF 033,,,,£,£
,,,,,,,AF 034,,,,£,£
M20,M20 BRASS BUSH - SHORT,,,,,,AF 035,,,,£,£
M20,M20 BRASS BUSH - LONG,,,,,,AF 036,,,,£,£
M32,M32 BRASS BUSH - SHORT,,,,,,AF 037,,,,£,£
PG21,PG21 x M20 BRASS REDUCER ,4,,,,,AF 038,4 - A99,0,,£,£
M32,M32 x M20 BRASS REDUCER,,,,,,AF 039,,,,£,£
M32,M32 x M25 BRASS REDUCER,,,,,,AF 040,,,,£,£
M25,M25 x M20 GALV.REDUCER,5,,,,A54,AF 041,2 - MM  2 - B45,5,,£,£
M25,M25 x M20 NICKEL PLATED  REDUCER,,,,,,AF 042,,,,£,£
PG21,PG21 x M20 NICKEL PLATED REDUCER ,6,,,,,AF 043,,0-A99,,£,£
M32,M32 x M20 NICKEL PLATED REDUCER,,,,,,AF 044,,,,£,£
M32,M32 x M25 NICKEL PLATED REDUCER,,,,,,AF 045,,,,£,£
M20,M20 GALV. LOCK RING,84,,,,A54,AF 046,,84,,£,£
,,,,,,,AF 047,2 - MM  2 - B45,,,£,£
M32,M32 GALV. LOCK RING,,,,,,AF 048,,,,£,£
M20,M20 NICKEL PLATE  LOCK RING,,,,,,AF 049,2 - MM,,,£,£
NL20B,M20 LOCK NUT - BLACK PLASTIC,10,,,,A54,AF 050,,10,,£,£
NL25B,M25 LOCK NUT - BLACK PLASTIC,,,,,,AF 051,,,,£,£
M25,M25 GALV. LOCK RING,10,,,,A54,AF 052,,10,,£,£
NLN50B,M50 LOCK NUT - BLACK PLASTIC,,,,,,AF 053,,,,£,£
,,,,,,,AF 054,,,,£,£
053503,M32 CCG A2 NICKEL PLATE CABLE GLAND,,,,,,AF 055,,,,£,£
M16,M16 STUFFING GLAND - GREY PLASTIC,,,,,,AF 056,,,,£,£
M20,M20 STUFFING GLAND - GREY PLASTIC,,,,,,AF 057,,,,£,£
AL 3445,M20 STUFFING GLAND - WHITE PLASTIC,9,,,,A54,AF 058,,9,,£,£
ACGM25 WHT,M25 STUFFING GLAND - WHITE PLASTIC,8,,,,A54,AF 059,,8,,£,£
,,,,,,,AF 060,,,,£,£
M12,M12 STUFFING GLAND - BLACK PLASTIC,,,,,,AF 061,,,,£,£
362-0045,M12 STUFFING GLAND - BLACK PLASTIC S/T,,,,,,AF 062,,,,£,£
M16,M16 STUFFING GLAND - BLACK PLASTIC S/T,,,,,,AF 063,,,,£,£
NGM20S-BLK,M20S STUFFING GLAND - BLACK PLASTIC S/T,,,,,,AF 064,5 - MM  10 - B45,,,£,£
NGM20-BLK,M20 STUFFING GLAND - BLACK PLASTIC S/T,10,,,,A54,AF 065,10 - B45,10,,£,£
NGM25-BLK,M25 STUFFING GLAND - BLACK PLASTIC,,,,,,AF 066,10 - B45,,,£,£
444-3057,M25 STUFFING GLAND - BLACK PLASTIC S/T,,,,,,AF 067,5 - MM,,,£,£
NGM32-BLK,M32 STUFFING GLAND - BLACK PLASTIC,,,,,,AF 068,,,,£,£
362-0067,M32 STUFFING GLAND - BLACK PLASTIC S/T,,N/A,1140848103,4/3/2018,A88,AF 069,,,PO003017,£,£
M40,M40 STUFFING GLAND - BLACK PLASTIC,,,,,,AF 070,,,,£,£
M40,M40 STUFFING GLAND - BLACK PLASTIC WIDE,,,,,,AF 071,,,,£,£
M40,M40 STUFFING GLAND - BLACK PLASTIC WIDE,,,,,,AF 072,,,,£,£
NGM50-BK,M50 STUFFING GLAND - BLACK PLASTIC,14,,,,,AF 073,14 - B45,0,,£,£
M4 x 12,POZI PAN HEAD SCREW BZP,500,N/A,174-312920,26/01/2016,STOCK,AG 001,500 - A70,0,PO001398,£,£
M4 x 16,POZI PAN HEAD SCREW BZP,500,N/A,174-312920,26/01/2016,STOCK,AG 002,2-A88,498,PO001398,£,£
M4 x 20,POZI PAN HEAD SCREW BZP,500,N/A,174-312920,26/01/2016,STOCK,AG 003,1-A70,499,PO001398,£,£
M4,FULL NUT BZP,2000,N/A,174-312920,26/01/2016,STOCK,AG 004,100-A88,1900,PO001398,£,£
M4,FLAT WASHER BZP,2000,N/A,174-312920,26/01/2016,STOCK,AG 005,100-A70,1800,PO001398,£,£
M4,SPRING WASHER BZP,2000,N/A,174-312920,26/01/2016,STOCK,AG 006,300-A70,1694,PO001398,£,£
M4,SHAKEPROOF WASHER,200,N/A,174-325622,11/05/2016,STOCK,AG 007,,0,PO001555,£,£
,,,,,,,AG 008,,,,£,£
,,,,,,,AG 009,,,,£,£
,,,,,,,AG 010,,,,£,£
,,,,,,,AG 011,,,,£,£
,,,,,,,AG 012,,48,,£,£
M5 x 16,POZI PAN HEAD SCREW BZP,500,N/A,174-312920,26/01/2016,,AG 013,100 - A,400,PO001398,£,£
M5 x 20,POZI PAN HEAD SCREW BZP,500,N/A,174-312920,26/01/2016,,AG 014,,600,PO001398,£,£
M5,FULL NUT BZP,2000,N/A,174-312920,26/01/2016,,AG 015,100 - A70   100 - A72,1700,PO001398,£,£
M5,FLAT WASHER BZP,2000,N/A,174-312920,26/01/2016,,AG 016,100 - A70,1800,PO001398,£,£
M5,SPRING WASHER BZP,2000,N/A,174-312920,26/01/2016,,AG 017,100 - A72,1800,PO001398,£,£
M5 x 20,PENNY WASHER,2000,N/A,174-312920,26/01/2016,,AG 018,200 - A70    100 - A72   400 - A88,900,PO001398,£,£
M5 x 25,PENNY WASHER,2000,,,,,AG 019,,2000,,£,£
M5 ,BLIND NUT INSERTS,52,,,,,AG 020,,52,,£,£
,,,,,,,AG 021,,,,£,£
M5,AVK THREADED INSERT,1000,N/A,N/A,N/A,,AG 022,,800,,£,£
M5,SHAKEPROOF WASHER,200,N/A,174-325622,11/05/2016,,AG 023,,200,PO001555,£,£
M5,POZI COUNTERSUNK HEAD SCREW,100,,,,,AG 024,,0,,£,£
,,,,,,,AG 025,,,,£,£
,,,,,,,AG 026,,,,£,£
M6 x 12,POZI PAN HEAD SCREW BZP,500,N/A,174-312920,26/01/2016,,AG 027,12 - A99,488,PO001398,£,£
M6 x 16,POZI PAN HEAD SCREW BZP,500,N/A,174-312920,26/01/2016,,AG 028,100 -A70    200 - A72    100 - A88,200,PO001398,£,£
M6 x 20,POZI PAN HEAD SCREW BZP,500,N/A,174-312920,26/01/2016,,AG 029,                                                                         100 -CON,400,PO001398,£,£
M6 x 25,POZI PAN HEAD SCREW BZP,500,N/A,174-312920,26/01/2016,,AG 030,10 - A77,490,PO001398,£,£
M6,FULL NUT BZP,2000,N/A,174-312920,26/01/2016,,AG 031 ,,2000,PO001398,£,£
M6, FLAT WASHER,200,N/A,174-325622,11/05/2016,,AG 032,200 - A72,1000,PO001555,£,£
M6 x 25,PENNY WASHER,1800,,,,,AG 033,,1800,,£,£
M6 x 25,PENNY WASHER,,N/A,174-312920,26/01/2016,,AG 034 ,,2000,PO001398,£,£
M6 x 25,PENNY WASHER,,N/A,174-312920,26/01/2016,,AG 035,A72-100  A96 - 100,1700,PO001398,£,£
M6 x 25,HEX BOLTS,200,N/A,174-325622,11/05/2016,,AG 036,,200,PO001555,£,£
M6,SHAKEPROOF WASHER,200,N/A,174-325622,11/05/2016,,AG 037,,200,PO001555,£,£
M6 x 16,HEX BOLTS,200,N/A,174-325622,11/05/2016,,AG 038,200 - A72,200,PO001555,£,£
M6, SPRING WASHER,200,N/A,174-325622,11/05/2016,,AG 039,200 - A72,200,PO001555,£,£
M6 x 38, PENNY WASHER,1000,N/A,174-311447,12/01/2016,,AG 040 ,400 - A70    600  - A72     ,1000,PO001382,£,£
M6 x 38,PENNY WASHER,1000,N/A,174-311447,12/01/2016,,AG 0341,100 - A39    100 - A79,1000,PO001283,£,£
,,,,,,,AG 042,,,,£,£
,,,,,,,AG 043,,,,£,£
NSYCNM6,M6 CAGE NUT,700,,,,,AG 044,,550,,£,£
MRM6X20Z,M6 x 20 ROOFING BOLT,200,,,,,AG 045,100 - A88,100,,£,£
MRM6X25Z,M6 x 25 ROOFING BOLT,70,,,,,AG 046,,70,,£,£
M8 x 16,,200,N/A,174-325662,11/05/2016,,AG 047,60 - A72,120,PO001555,£,£
M8 x 25,,200,,174-325662,,,AG 048,,234,,£,£
M8 x 30,,130,N/A,N/A,,,AG 049,,104,,£,£
M8 x 40,HEX BOLT,30,N/A,N/A,N/A,,AG 050,27 - A72,0,FROM S.B,£,£
M8 x 20,POZI PAN M/SCREW,,,,,,AG 051,,,,£,£
,,,,,,,AG 052,,398,,£,£
M8,FULL NUT,163,N/A,N/A,N/A,,AG 053,,41,,£,£
M8,FLAT WASHER,200,N/A,174-325622,11/05/2016,,AG 054,10 - A72  28 - A72,45,PO001555,£,£
M8,SPRING WASHER,2000,N/A,174-312920,26/01/2016,,AG 055,200 -A70  300 - A72  28 - A72,1363,PO001398,£,£
M8,SHAKEPROOF WASHER,200,N/A,174-325622,11/05/2016,,AG 056,,326,PO001555,£,£
,,,,,,,AG 057,,,,£,£
M8 x 25,PENNY WASHER,3000,N/A,174-311447,12/01/2016,,AG 058,100 - A70  200 - A72,2400,PO001382,£,£
M8 x 25, PENNY WASHER,2000,N/A,174-311447,12/01/2016,,AG 059,100 - A75,1900,PO001382,£,£
M8,M8 SMOOTH INSERT,,,,,,AG 060,,41,,£,£
M8,LOCKING NUT,79,N/A,N/A,N/A,,AG 061,,79,FROM S.B,£,£
M8,CAGE NUT,186,N/A,N/A,N/A,,AG 062,,184,FROM S.B,£,£
M8,AVK THREADED INSERT,350,N/A,N/A,N/A,,AG 063,A72 - 50,247,,£,£
NSYCNM8,M8 CAGE NUT,,,,,,AG 064,,250,,£,£
M6,M6 x 10MM HEX HEAD SET SCREW,,,,,,AH 001,,,,£,£
M6,M6 x 16MM HEX HEAD SET SCREW,,,,,,AH 002,,,,£,£
M6,M6 x 20MM HEX HEAD SET SCREW,,,,,,AH 003,,,,£,£
,,,,,,,AH 004,,,,£,£
,,,,,,,AH 005,,,,£,£
M6,M6 x 35MM HEX HEAD SET SCREW,,,,,,AH 006,,,,£,£
M6,M6 x 40MM HEX HEAD SET SCREW,,,,,,AH 007,,,,£,£
M6,M6 x 50MM HEX HEAD SET SCREW,,,,,,AH 008,,,,£,£
,,,,,,,AH 009,,,,£,£
M6,M6 x 75MM HEX HEAD SET SCREW,,,,,,AH 010,,,,£,£
M6,M6 x 80MM HEX HEAD BOLT,,,,,,AH 011,,,#,£,£
,,,,,,,AH 012,,,,£,£
M6,M6 FULL NUT,,,,,,AH 013,,,,£,£
M6,M6 FLAT WASHER,,,,,,AH 014,400 - B45,,,£,£
M6,M6 SPRING WASHER,,,,,,AH 015,,,,£,£
M6,M6 SHAKEPROOF WASHER,,,,,,AH 016,,,,£,£
M6,M6 x 10MM PENNY WASHER,,,,,,AH 017,,,,£,£
,,,,,,,AH 018,,,,£,£
M6,M6 x 25MM PENNY WASHER,,,,,A75,AH 019,150 - B41,,,£,£
M6,M6 x 25MM PENNY WASHER,,,,,,AH 020,,,,£,£
M6,M6 x 25MM PENNY WASHER,,,,,,AH 021,300 - B45,,,£,£
M6,M6 x 38MM PENNY WASHER,,,,,,AH 022,,,,£,£
M6,M6 x 38MM PENNY WASHER,,,,,,AH 023,,,,£,£
M6,M6 x 12MM POZI PAN HEAD SCREW,,,,,,AH 024,,,,£,£
M6,M6 x 16MM POZI PAN HEAD SCREW,,,,,,AH 025,,,,£,£
M6,M6 x 20MM POZI PAN HEAD SCREW,,,,,,AH 026,,,,£,£
M6,M6 x 25MM POZI PAN HEAD SCREW,,,,,,AH 027,,,,£,£
M6,M6 NYLOC NUT,,,,,,AH 028,,,,£,£
,,,,,,,AH 029,,,,£,£
M6,M6 x 16MM ROOFING BOLT,,,,,,AH 030,,,,£,£
M6,M6 x 20MM ROOFING BOLT,,,,,,AH 031,,,,£,£
M6,M6 x 25MM ROOFING BOLT,,,,,,AH 032,,,,£,£
M6,M6 x 30MM ROOFING BOLT,,,,,,AH 033,,,,£,£
M6,M6 x 40MM ROOFING BOLT,,,,,A75,AH 034,100 - B41,,,£,£
,,,,,,,AH 035,,,,£,£
,,,,,,,AH 036,,,,£,£
,,,,,,,AH 037,,,,£,£
M6,M6 CAGE NUT,,,,,,AH 038,,,,£,£
M6,M6 RIV NUT,,,,,,AH 039,,,,£,£
M6,M6 RIV NUT,,,,,,AH 040,,,,£,£
,,,,,,,AH 041,,,,£,£
,,,,,,,AH 042,,,,£,£
M8,M8 x 16MM HEX HEAD SET SCREW,,,,,,AH 043,,,,£,£
M8,M8 x 20MM HEX HEAD SET SCREW,,,,,,AH 044,,,,£,£
M8,M8 x 25MM HEX HEAD SET SCREW,,,,,,AH 045,,,,£,£
M8,M8 x 30MM HEX HEAD SET SCREW,,,,,,AH 046,60 - B45,,,£,£
M8,M8 x 30MM HEX HEAD SET SCREW,,,,,,AH 047,,,,£,£
M8,M8 x 40MM HEX HEAD SET SCREW,,,,,,AH 048,,,,£,£
M8,M8 x 45MM HEX HEAD SET SCREW,,,,,,AH 049,,,,£,£
,,,,,,,AH 050,,,,£,£
M8,M8 x 50MM HEX HEAD SET SCREW,,,,,,AH 051,,,,£,£
M8,M8 x 55MM HEX HEAD SET SCREW,,,,,,AH 052,,,,£,£
M8,M8 x 60MM HEX HEAD SET SCREW,,,,,,AH 053,,,,£,£
M8,M8 x 70MM HEX HEAD SET SCREW,,,,,,AH 054,,,,£,£
M8,M8 FULL NUT,,,,,,AH 055,,,,£,£
M8,M8 FLAT WASHER,,,,,,AH 056,100 - B45,,,£,£
M8,M8 SPRING WASHER,,,,,,AH 057,100 - B45,,,£,£
M8,M8 SPRING WASHER,,,,,,AH 058,,,,£,£
M8,M8 x 25MM PENNY WASHER,,,,,,AH 059,100 - B45,,,£,£
M8,M8 x 25MM PENNY WASHER,,,,,,AH 060,,,,£,£
M8,M8 x 25MM PENNY WASHER,,,,,,AH 061,,,,£,£
,,,,,,,AH 062,,,,£,£
,,,,,,,AH 063,,,,£,£
M8,M8 LOCKING NUT,,,,,,AH 064,,,,£,£
M8,M8 NYLOC NUT,,,,,,AH 065,,,,£,£
M8,M8 SHAKEPROOF WASHER,,,,,,AH 066,,,,£,£
M8,M8 FLAT WASHER GALV.,,,,,,AH 067,,,,£,£
M8,M8 SPRING WASHER GALV.,,,,,,AH 068,,,,£,£
M8,M8 x 45MM THREADED SCREW,,,,,,AH 069,,,,£,£
M8,M8 x 20,,,,,,AH 070,,,,£,£
M8,M8 x 10,,,,,,AH 071,,,,£,£
M8,M8 CAGE NUT,,,,,,AH 072,,,,£,£
M8,M8 CAGE NUT,,,,,,AH 073,,,,£,£
M8,M8 RIV NUT,,,,,,AH 074,,,,£,£
M8,M8 RIV NUT,,,,,,AH 075,,,,£,£
750 LR-G-95.240-14.5+11TL,,6,,,,A72,AI 001,,6,A72,,
IXSU-F3141,,2,,,,A72,AI 001,,2,A72,,
EAKT - 1606,,4,,,,A72,AI 001,,4,A72,,
EPKT17C3X1H2,,4,,,,A72,AI 001,,4,A72,,
QS 2000 94-AP 631-1,,2,,,,N/A,AI 001,,2,FROM S.B,,
SHSS-12A-IND,,6,,,,N/A,AI 001,,6,FROM S.B,,
EPKJ-0144-AR5,,1,,,,N/A,AI 001,,1,FROM S.B,,
OHVT-52H-W-1N,,8,,,,B06,AI 001,,8,B06,,
,,,,,,,,,,,,
,,,,,,,,,,,,
,,,,,,,,,,,,
,,,,,,,,,,,,
MVAJ101RA0502A,RELAY,15,N/A,N/A,N/A,A70,BA 001,,15,A70,£,£
9055.310,RITTAL SCREEN,3,N/A,N/A,N/A,A70,BA 002,,3,A70,£,£
MVAX31S1CE0503A,AREVA BRANDED RELAY,1,3/10/2010,N/A,N/A,N/A,BA 003,,1,FROM S.B,£,£
MMLG01R1AA0001E,AREVA BRANDED RELAY,1,N/A,N/A,N/A,N/A,BA 004,,1,FROM S.B,£,£
MMLG01R1AA0001E,RELAY,1,N/A,N/A,N/A,A70,BA 005,,1,A70,£,£
MVAA11R1AA0766C,RELAY,1,11/20/2017,85898707,27/11/2017,A72,BA 006,,1,PO002543,£,£
,,,,,,,BA 007,,,,£,£
P122C00T112EA1,SCHNEIDER OVERCURRENT  RELAY,1,9/1/2014,N/A,N/A,N/A,BA 008,,1,FROM S.B,£,£
,,,,,,,BA 009,,,,£,£
,,,,,,,BA 010,,,,£,£
P143217A3M0468J,SCHNEIDER RELAY,1,36197829,N/A,N/A,N/A,BA 011,,1,FROM S.B,£,£
P143217A3M0468J,SCHNEIDER RELAY,1,36197805,N/A,N/A,N/A,BA 012,,1,FROM S.B,£,£
,,,,,,,BA 013,,,,£,£
,,,,,,,BA 014,,,,£,£
,,,,,,,BA 015,,,,£,£
,,,,,,,BA 016,,,,£,£
,,,,,,,BA 017,,,,£,£
205 W 350,RAYCHEM INSULATORS,14,N/A,N/A,N/A,N/A,BA 018,,14,,£,£
RD SS-150 (S10),RAYCHEM DUCT SEALING SYSTEM,10,9/20/2017,N/A,N/A,N/A,BA 019,,10,FROM S.B,£,£
SMOE - 62803,UNIVERSAL COLD APPLIED BOOT KIT,7,37/2017,TD426812,19/12/2017,A72,BA 020,,7,PO002686,£,£
SMOE - 62803,UNIVERSAL COLD APPLIED BOOT KIT,2,9/30/2013,IEH012,N/A,N/A,BA 020,,2,FROM S.B,,
LO-41B,3M COLD SHRINK CABLE JOINTING KIT,19,N/A,N/A,N/A,N/A,BB 001,,19,FROM S.B,£,£
LA11,3M COLD SHRINK CABLE JOINTING KIT,20,N/A,N/A,N/A,N/A,BB 002,,20,FROM S.B,£,£
EAKT-1606,RAYCHEM 3-CORE 1PC GLAND ASSEMBLY,1,11/22/2009,N/A,N/A,N/A,BB 003,,1,FROM S.B,£,£
SHSM-12A-S,RAYCHEM    CABLE PREPARATION KIT,4,N/A,N/A,N/A,N/A,BB 004,,4,FROM S.B,£,£
SMOE-61937,RAYCHEM    CABLE PREPARATION KIT,1,N/A,N/A,N/A,N/A,BB 005,,1,FROM S.B,£,£
,,,,,,,BB 006,,,,£,£
RCAB-C-421,RAYCHEM   BUSHING KIT,1,7/20/2007,N/A,N/A,N/A,BB 007,,1,FROM S.B,£,£
EAKT-1656,RAYCHEM   SILVER EARTH CONNECTOR KIT,1,8/28/2013,N/A,N/A,N/A,BB 008,,1,FROM S.B,£,£
EAKT-1656,RAYCHEM   SILVER EARTH CONNECTOR KIT,1,3/3/2010,N/A,N/A,N/A,BB 009,,1,FROM S.B,£,£
EAKT-1656,RAYCHEM   SILVER EARTH CONNECTOR KIT,3,11/6/2009,N/A,N/A,N/A,BB 010,,3,FROM S.B,£,£
EAKT-1657,RAYCHEM   SILVER EARTH CONNECTOR KIT,2,2/3/2014,N/A,N/A,N/A,BB 011,,2,FROM S.B,£,£
489-153,SILVER 25-10 300 MM BRAIDS,72,N/A,N/A,N/A,N/A,BB 012,,72,FROM S.B,£,£
J7618,SILVER 70-10  600 MM BRAIDS,2,N/A,N/A,N/A,N/A,BB 013,,2,FROM S.B,£,£
SC-B3D,COPPER M8/M10    400 MM BRAIDS,5,N/A,N/A,N/A,N/A,BB 014,2 - A75,3,FROM S.B,£,£
,,,,,,,BB 015,,,,£,£
,,,,,,,BB 016,,,,£,£
,,,,,,,BB 017,,,,£,£
,,,,,,,BB 018,,,,£,£
,,,,,,,BB 019,,,,£,£
,,,,,,,BB 020,,,,£,£
,,,,,,,BB 021,,,,£,£
,,,,,,,BB 022,,,,£,£
,,,,,,,BB 023,,,,£,£
,,,,,,,BB 024,,,,£,£
,,,,,,,BB 025,,,,£,£
,,,,,,,BB 026,,,,£,£
,,,,,,,BB 027,,,,£,£
,,,,,,,BB 028,,,,£,£
680-409,"COPPER ROD 1/4"" x 24"" ",4,N/A,N/A,N/A,N/A,BB 029,,4,,£,£
205 W 350,RAYCHEM    INSULATORS,14,,,,,BB 030,,14,,£,£
,END CAPS 100MM,11,,,,,BB 031,,11,,£,£
,END CAPS 75MM,4,,,,,BB 032,,4,,£,£
,END CAPS 55MM,2,,,,,BB 032,,2,,£,£
,END CAPS 40MM,11,,,,,BB032,,11,,£,£
102L048/S,END CAP 38-70 MM,30,,N/A,N/A,A87,BB 033,,30,FROM A87,£,£
NSYSFPB,SCHNEIDER PANEL MOUNTING PLATE,23,33/2015,0185856319,10/11/2015,A70,BC 001,,23,PO001259,£,£
NSYRSWH180,SCHNEIDER 180 SWINGRACK HINGE ,23,31/2015,0185849454,05/11/2015,A70,BC 002,,23,PO001259,£,£
NSYRCDFIX,"SCHNEIDER 19"" TRUNKING BRACKET",19,16/2015,0185895547,03/12/2015,A70,BC 003,,19,PO001259,£,£
NSYRCDFIX,"SCHNEIDER 19"" TRUNKING BRACKET",4,18/2015,0185927096,22/12/2015,A70,BC 003,,4,PO001259,£,£
,,,,,,,BC 004,,,,£,
,,,,,,,BC 005,,,,£,£
,,,,,,,BC 006,,,,£,£
,,,,,,,BC 007,,,,£,£
,,,,,,,BC 008,,,,£,£
,,,,,,,BC 009,,,,£,£
,,,,,,,BC 010,,,,£,£
30643-2-001,RINGS,2,N/A, N/A,N/A,N/A,BC 011,,2,FROM S.B,£,£
60KXSC2F,SWITCH DISCONN. FUSE BOX 63A,1,45/2011,N/A,N/A,N/A,BC 012,,1,FROM S.B,£,£
414-4277 ,JUNCTION BOX,1,N/A,N/A,N/A,N/A,BC 013,,1,FROM S.B,£,£
OL 20025,JUNCTION BOX,1,N/A,N/A,N/A,N/A,BC 014,,1,FROM S.B,£,£
83323,SAREL BOX,3,N/A,N/A,N/A,N/A,BC 015,2 - J.D  P.W,1,FROM S.B,£,£
,,,,,,,BC 016,,,,£,£
76.2 BLK,76.2 BLACK HEATSHRINK ,50M,N/A,N/A,N/A,,BD 001,,50M,FROM S.B,£,£
ZH-HS 76.2 BLK,76.2 BLACK HEATSHRINK ZH,10M,B50544,N/A,N/A,,BD 002,,10M,FROM S.B,£,£
38.1 RED,38.1 RED HEATSHRINK,40M,N/A,N/A,N/A,,BD 003,,40M,FROM S.B,£,£
10MM BLUE,10MM BLUE SLEEVE,80M,N/A,N/A,N/A,,BD 004,,80M,FROM S.B,£,£
51/26 GR/YELL,GREEN/YELLOW HEATSHRINK,15M,N/A,N/A,N/A,,BD 005,,,FROM S.B,£,£
,,,,N/A,N/A,,BD 006,,,FROM S.B,£,£
CGPT51/26-1,51/26 BROWN HEATSHRINK,15M,08G1161,N/A,N/A,,BD 007,,,FROM S.B,£,£
HS6.4 BROWN,6.4 BROWN HEATSHRINK,50M,N/A,N/A,N/A,,BD 008,,,FROM S.B,£,£
HS12.7 BROWN,12.7 BROWN HEATSHRINK,25M,N/A,N/A,N/A,,BD 009,,,FROM S.B,£,£
HS12.7 GREY,12.7 GREY HEATSHRINK,20M,N/A,N/A,N/A,,BD 010,,,FROM S.B,£,£
CGPT51/26-8,51/26 GREY HEATSHRINK,15M,07G6853,N/A,N/A,,BD 011,,,FROM S.B,£,£
SP50.8 RED,50.8 RED HEATSHRINK,20M,13106028,N/A,N/A,,BD 012,,,FROM S.B,£,£
CGPT51//26-6,51/26 BLUE HEATSHRINK,15M,08G2081,N/A,N/A,,BD 013,,,FROM S.B,£,£
HS6.4 WHITE,6.4 WHITE HEATSHRINK,37M,N/A,N/A,N/A,,BD 014,,,FROM S.B,£,£
CGPT51/26-0,51/26 BLACK HEATSHRINK,15M,08G2964,N/A,N/A,,BD 015,,,FROM S.B,£,£
 HS6.4 BLK,6.4 BLACK HEATSHRINK,10M,N/A,N/A,N/A,,BD 016,10M - B45,0,FROM S.B,£,£
HS38.1 BLK,38.1 BLACK HEATSHRINK,15M,151526,N/A,N/A,,BD 017,,,,£,£
172-02059,BLUE 6MM SLEEVE PVC60BE,80M,,N/A,N/A,A96,BD 018,,,FROM S.B,£,£
ES 3 BLU,BLUE 3MM SLEEVE,280M,N/A,N/A,N/A,A96,BD 019,,,FROM S.B,£,£
,,,,N/A,N/A,,BD 020,,,FROM S.B,£,£
SLGY6,GREEN/YELLOW 6MM SLEEVE,80M,N/A,,,,BD 021,,,,£,£
SLGY3,GREEN/YELLOW 3MM SLEEVE,180M,N/A,,,,BD 022,,,,£,£
6MM GR/YELL,GREEN/YELLOW 6MM SLEEVE,140M,N/A,,,,BD 023,,,,£,£
,,,,,,,BD 024,,,,£,£
4MM BROWN,BROWN 4MM SLEEVE,80M,N/A,,,,BD 025,,,,£,£
ES 3 BR,BROWN 3MM SLEEVE,200M,N/A,,,,BD 026,,,,£,£
4MM BLACK,BLACK 4MM SLEEVE,80M,N/A,,,,BD 027,,,,,
,,,,,,,BD 028,,,,,
,,,,,,,BD 029,,,,,
483-4302,BROWN HEATSHRINK,6 PACKS,,,,,BD 030,,,,,
NLSP25EU,ASST. COLOUR HEATSHRINK,1 PACK,,,,A83,BD 031,,,,,
HSP9,ASST. COLOUR HEATSHRINK,1 PACK,,,,A83,BD 032,,,,,
SP12,ASST. COLOUR HEATSHRINK,1 PACK,,,,A72,BD 033,,,,,
HIS 3,ASST. COLOUR HEATSHRINK,1 PACK,N/A,174-395538,24/11/2017,A72,BD 034,,,PO002624,,
,,,,,,,BD 035,,,,,
,,,,,,,BD 036,,,,,
,,,,,,,BD 037,,,,,
CGSS2,1.1 - 1.5 SMOOTH GROMET STRIP,20M,,,,,BD 038,,,,,
CGSS4,2.1 - 3.0 SMOOTH GROMET STRIP,20M,,,,,BD 039,,,,,
CGSS5,3.1 - 4.0 SMOOTH GROMET STRIP,15M,,,,,BD 040,,,,,
244-3061,,,,,,,BD 041,,,,,
,WHITE SPIRO-BAND,,,,,,BD 042,,,,,
,WHITE SPIRO-BAND,,,,,,BD 043,,,,,
,BLACK SPIRO-BAND,,,,,,BD 044,,,,,
,,,,,,,BD 045,,,,,
,,,,,,,BD 046,,,,,
,,,,,,,BE 001,,,,£,£
,,,,,,,BE 002,,,,£,£
,,,,,,,BE 003,,,,£,£
2F11,64-70MM BLACK CABLE CLEAT,20 PAIR,,,,A54,BE 004,,20 PAIR,,£,£
385AA01,BLACK CABLE CLEAT 10.5-14.5MM,80,,174-364704,4/4/2017,A54,BE 005,,80,PO002009,£,£
,,,,,,,BE 006,,,,£,£
385AA03,BLACK CABLE CLEAT 14.6-19.8MM,100,,N/A,N/A,N/A,BE 007,40 - B45,100,FROM S.B,£,£
385AA04,BLACK CABLE CLEAT 17.7-24MM,75,,174-364704,04/04/2017,A54,BE 008,50 - A54,75,PO002009,£,£
385AA05,BLACK CABLE CLEAT 21.7-28.5MM,51,,N/A,N/A,N/A,BE 009,50 - A54   ,,FROM S.B,£,£
385AA05,BLACK CABLE CLEAT 21.7-28.5MM,49,,,,A75,BE 009,,,A75,,
385AA06,BLACK CABLE CLEAT 26.2-34.2MM,25,,N/A,N/A,N/A,BE 010,,25,A83,£,£
,,,,,,,BE 011,,,,£,£
,,,,,,,BE 012,,,,£,£
,,,,,,,BE 013,,,,£,£
21060,BLACK CABLE CLEAT,280,,N/A,N/A,,BE 014,200 - A54,,FROM S.B,£,£
K7233,BLACK CABLE CLEAT NO. 6,80,,N/A,N/A,A83,BE 015,,,A83,£,£
K7234,BLACK CABLE CLEAT NO.7,98,,N/A,N/A,A83,BE 016,,,A83,£,£
21063,BLACK CABLE CLEAT,100,,,,A75,BE 017,100 - A99,0,A75,£,£
,,,,,,,BE 018,,,,£,£
,BLACK CABLE CLEAT SIZE 10,19,,N/A,N/A,A83,BE 019,,,A83,£,£
,BLACK CABLE CLEAT NO.5,49,,N/A,N/A,,BE 020,,,FROM S.B,£,£
PCL12,BLACK CABLE CLEAT ,,N/A,N/A,N/A,,BE 021,,,FROM S.B,£,£
,,,,,,,BE 022,,,,£,£
2-PIN,ALUMINIUM 51-57 CABLE CLEAT,,,,,A75,BE 023,,,,£,£
1-PIN,ALUMINIUM 44-51 CABLE CLEAT,,,,,A75,BE 024,,,,£,£
32-33,TRI-CABLE ALUMINIUM CLEAT,,,N/A,N/A,,BE 025,,,FROM S.B,£,£
30-32,TRI-CABLE ALUMINIUM CLEAT,7,,N/A,N/A,A72,BE 026,7 - B32,0,FROM S.B,£,£
2F10,57--64 CABLE CLEAT,,,N/A,N/A,,BE 027,,,FROM S.B,£,£
E11,,,,N/A,N/A,,BE 028,,,FROM S.B,£,£
35-35,TRI-CABLE ALUMINIUM CLEAT,,,,,,BE 029,,,FROM S.B,£,£
E11,LSF ZH RED CABLE CLEAT,,,N/A,N/A,,BE 030,,,FROM S.B,£,£
50-57,TC9 2-214 BLACK CABLE CLEAT,,,,,,BE 031,,,FROM S.B,£,£
U374AA01,BLACK CABLE CLEAT,,,N/A,N/A,,BE 032,,,FROM S.B,£,£
U374AA01,BLACK CABLE CLEAT,,,,,,BE 033,,,,£,£
E12,LSF ZH RED CABLE CLEAT,,,,,,BE 034,,,,£,£
E8,LSF ZH BLACK CABLE CLEAT,,,N/A,N/A,,BE 035,,,,£,£
E12,LSF ZH BLACK CABLE CLEAT,,,,,,BE 036,,,FROM S.B,£,£
E12,LSF ZH BLACK CABLE CLEAT,,,,,,BE 037,,,FROM S.B,,
385AA06,BLACK CABLE CLEAT,,,,,,BF 001,,6,,£,£
385AA08,BLACK CABLE CLEAT,,,,,,BF 002,,11,,£,£
332 617 010 - 00001,BOLTED CONNECTOR 185-400mm2,6,,N/A,N/A,B06,BF 003,,,B06,£,£
332 606 010 - 00021,BOLTED CABLE LUG 300-630mm2  RE AL/CU 16,11,,N/A,N/A,B06,BF 004,,,B06,£,£
BLMT-95/240-17,,3,,,,,BF 005,,,FROM S.B,£,£
BLMT-95/240-13,,9,,,,,BF 006,,,FROM S.B,£,£
,,6,,,,,BF 007,,,FROM S.B,£,£
,,4,,,,,BF 008,,,FROM S.B,£,£
,CEMBRE LUG,4,,,,,BF 009,,,FROM S.B,£,£
,CEMBRE LUG,5,,,,,BF 010,,,FROM S.B,£,£
LA500-40/1,,3,,,,,BF 011,,,FROM S.B,£,£
LA800 BR,,4,,,,,BF 012,,,FROM S.B,£,£
,,,,,,,BF 013,,,FROM S.B,£,£
,,,,,,,BF 014,,,FROM S.B,£,£
A24-M10,CEMBRE LUG,2,,,,,BF 015,,,FROM S.B,£,£
A24-M16,CEMBRE LUG,4,,,,,BF 016,,,FROM S.B,£,£
A30-M12,CEMBRE LUG,10,,,,,BF 017,,,FROM S.B,£,£
A60-M12,CEMBRE LUG,3,,,,,BF 018,,,FROM S.B,£,£
95 - 12,COPPER LUG,33,,,,A83,BF 019,,33,,£,£
,,,,,,,BF 020,,,,£,£
,,,,,,,BF 021,,,,£,£
,,,,,,,BF 022,,,,£,£
A60-M16,CEMBRE LUG,23,,,,,BF 023,,,FROM S.B,£,£
A60-M20,CEMBRE LUG,4,,,,,BF 024,,,FROM S.B,£,£
A80-M16,CEMBRE LUG,10,,,,B16,BF 025,,,FROM S.B,£,£
AA150-M16,CEMBRE LUG,43,,,,A72,BF 026,,,FROM S.B,£,£
A80-4ESI 400,CEMBRE LUG,1,,,,,BF 027,,,FROM S.B,£,£
A120,CEMBRE LUG,2,,,,,BF 028,,,FROM S.B,£,£
AA150-M16,CEMBRE LUG,13,,,,,BF 029,,14,FROM S.B,£,£
AA150-M16,CEMBRE LUG,10,,,,,BF 030,,,FROM S.B,£,£
AA150-M12-1G/20,CEMBRE LUG,7,,,,,BF 031,5 - A99,,FROM S.B,£,£
,CEMBRE LUG,,,,,,BF 032,,,,£,£
,CEMBRE LUG,,,,,,BF 033,,,,£,£
AA240-M16-1G,CEMBRE LUG,19,,,,,BF 034,,,FROM S.B,£,£
AA240-M16-1G/340,CEMBRE LUG,10,,,,,BF 035,,,FROM S.B,£,£
AA240-M16,CEMBRE LUG,3,,,,,BF 036,,,FROM S.B,£,£
AA240-M16-33-1G,CEMBRE LUG,13,,,,,BF 037,,,FROM S.B,£,£
AA250-M16-1G,CEMBRE LUG,10,,,,B16,BF 038,,,FROM S.B,£,£
2A80-2M12,CEMBRE LUG,1,,,,,BF 039,,,FROM S.B,£,£
2A80-2M16-50-GEL,CEMBRE LUG,20,,,,,BF 040,,,FROM S.B,£,£
2A80-M20,CEMBRE LUG,14,,,,,BF 041,,,FROM S.B,£,£
2A100-2M16,CEMBRE LUG,17,,,,,BF 042,,,FROM S.B,£,£
CA300-2M12,CEMBRE LUG,2,,,,,BF 043,,,FROM S.B,£,£
AA500-40-M16,CEMBRE LUG,4,,,,,BF 044,,,FROM S.B,£,£
AA500-40-M16,CEMBRE LUG,8,,,,,BF 045,,,FROM S.B,£,£
L48A 120,BICON LUG,4,,,,,BF 046,,,FROM S.B,£,£
AA1000S-2M16-41,CEMBRE LUG,9,,,,,BF 047,,,FROM S.B,£,£
040,AUS LUG,19,,,,,BF 048,,,FROM S.B,£,£
041,AUS LUG,33,,,,,BF 049,,,FROM S.B,£,£
120C12,,9,,,,,BF 050,,,FROM S.B,£,£
300-12,,7,,,,,BF 051,,,FROM S.B,£,£
120C16,,9,,,,,BF 052,,,FROM S.B,£,£
30520,,5,,,,,BF 053,,,FROM S.B,£,£
12002M12,,6,,,,,BF 054,,,FROM S.B,£,£
LB40A12D,,12,,,,,BF 055,,,FROM S.B,£,£
LB48A12D,,4,,,,,BF 056,4 - A99,0,FROM S.B,£,£
,,,,,,,BG 001,,,,£,£
,,,,,,,BG 002,,,,£,£
,BLACK SPIRO BAND,50M,,,,,BG 003,25M - CH,50M,,£,£
422AA56,M32 GLAND KIT,6,,,,,BG 004,,6,,£,£
422AA56,M32 GLAND KIT,8,,,,,BG 005,,8,,£,£
422AA56,M32 GLAND KIT,7,,,,,BG 006,,7,,£,£
423LSF56,M32 GLAND KIT,17,,,,,BG 007,,17,,£,£
A2 32,M32 GLAND KIT,8,,,,,BG 008,,8,,£,£
KM40956,,,,,,A72,BG 009,,,,£,£
,,,,,,,BG 010,,,,£,£
432LSF56,M32 GLAND KIT,7,,,,,BG 011,,7,,£,£
432LSF56,M32 GLAND KIT,5,,,,,BG 012,,5,,£,£
CW 32K,M32 GLAND KIT,2,,,,,BG 013,,2,,£,£
32BW LSF 2RA,M32 GLAND KIT,3,,,,,BG 014,,3,,£,£
,,,,,,,BG 015,,,,£,£
LSF CW32,M32 GLAND KIT,4,,,,,BG 016,1 - B16,4,,£,£
CW 32K,M32 GLAND KIT,,,,,,BG 017,,,,£,£
CW32 L,M32 GLAND KIT,1,,,,,BG 018,,1,,£,£
422AL57,M40 GLAND KIT,9,,,,,BG 019,,9,,£,£
KM40957,M40 GLAND KIT,8,,,,,BG 020,,8,,£,£
422AA57,M40 GLAND KIT,1,,,,,BG 021,1 - B45,1,,£,£
A2 40L,M40 GLAND KIT,2,,,,,BG 022,,2,,£,£
420AA57,M40 GLAND KIT,1,,,,,BG 023,,1,,£,£
422AL58,M50 GLAND KIT,6,,,,,BG 024,,6,,£,£
423LSF59,M50 GLAND KIT,10,,,,,BG 025,,10,,£,£
423LSF58,M50 GLAND KIT,10,,,,,BG 026,,10,,£,£
A2 50,M50 GLAND KIT,1,,,,,BG 027,,1,,£,£
50 CWK,M50 GLAND KIT,1,,,,,BG 028,,1,,£,£
,,,,,,,BG 029,,,,£,£
A2 63S,M63 GLAND KIT,10,,,,,BG 030,,10,,£,£
A2 63S,M63 GLAND KIT,4,,,,,BG 031,,4,,£,£
,,,,,,,BG 032,,,,£,£
,,,,,,,BG 033,,,,£,£
463-4477,GLAND KIT,1,,,,A72,BG 034,,,,£,£
A2 63,M63 A2 GLANDKIT,2,,,,A72,BG 035,,,,£,£
463-4203,GLAND KIT,1,,,,A72,BG 036,,,,£,£
422AA61,M63 CW63K GLAND KIT,1,,,,A72,BG 037,,,,£,£
KM40961,M63 A1/A2 GLAND KIT,3,,,,A72,BG 038,,,,£,£
KM40961,M63 A1/A2 GLAND KIT,8,,,,A72,BG 039,,,,£,£
A2 63S,M63 GLAND KIT,3,,,,A72,BG 040,,,,£,£
,,,,,,A72,BG 041,,,,£,£
A275,M75 GLAND KIT,1,,,,A54,BG 042,,,,£,£
KM40962,M75S GLANG KIT,5,,,,A72,BG 043,,,,£,£
385AA08,34 - 44MM BLACK CABLE CLEAT,100,,,,A75,BH 001,,100,A75,£,£
NGM63-BLK,M63 BLACK GLAND,,,,,,BH 002,,,,£,£
9501160000,,760,N/A,,,A88,BH 003,,760,,£,£
KA41953,,,,,,,BH 004,10 - CH 3 - B45,,,£,£
KA41953,,,,,,,BH 005,10 - CH 10 - A99,,,£,£
422AA53,,,,,,,BH 006,,,,£,£
422AA53,,,,,,,BH 007,,,,£,£
422AA52,,4,,,,A54,BH 008,,4,,£,£
KM40952,,,,,,,BH 009,,,,£,£
422PCG052,,,,,,,BH 010,1 - A99,,,£,£
KM40953,,,,,,,BH 011,,,,£,£
BW20 LSF,,19,,,,A88,BH 012,,,,£,£
BW20 LSF,,7,,,,A88,BH 013,,,,£,£
,,3,,,,A75,,,,,,
BW20S LSF,,10,,,,A88,BH 014,,,,£,£
,,5,,,,A75,,,,,,
20S CW,,9,,,,A88,BH 015,,,,£,£
20S CW,,,,,,,BH 016,6 - A99,,,£,£
BW 20S,,,,,,,BH 017,,,,£,£
BW 20S,,,,,,,BH 018,,,,£,£
423LSF53,,,,,,,BH 019,,,,£,£
CW 20L,,,,,,,BH 020,,,,£,£
XT - 20,,,,,,,BH 021,,,,£,£
HA20BW,,,,,,,BH 022,,,,£,£
KA41955,,,,,,,BH 023,11 - A99,,,£,£
KA41955,,,,,,,BH 024,6 - A99,,,£,£
25 CW,,,,,,,BH 025,9 - A99,,,£,£
25 CW,,,,,,,BH 026,10 - A99,,,£,£
422A55,,,,,,,BH 027,,,,£,£
422A55 ,,,,,,,BH 028,,,,£,£
422A55,,,,,,,BH 029,,,,£,£
KM40955,,,,,,,BH 030,,,,£,£
KM40955,,,,,,,BH 031,,,,£,£
KM40955,,,,,,,BH 032,,,,£,£
,,,,,,,BH 033,,,,£,£
A2 25L,,,,,,,BH 034,,,,£,£
A2 25L,,,,,,,BH 035,,,,£,£
BW25 LSF,,10,,,,,BH 036,,,,£,£
HA25 BW,,,,,,,BH 037,,,,£,£
422AL55,,,,,,,BH 038,,,,£,£
,,,,,,,BH 039,,,,£,£
,,,,,,,BH 040,,,,£,£
,,,,,,,BH 041,,,,£,£
50MM x 6MM,COPPER BAR,8M,N/A,2117,16/05/2017,A75,EA 001,8M-A54,0,PO002117,£,£
MISCELLANEOUS ,VEHICLES/PAINTING/PACKAGING ETC.,N/A,N/A,N/A,N/A,N/A,EA 001,,N/A,N/A,£,£
MAS0606030R5,ELDON PANEL,1,,N/A,N/A,A54,EB 001,,1,FROM A54,£,£
MAS1208030R5,ELDON PANEL,1,,N/A,N/A,A54,EB 001,,1,FROM A54,£,£
L36W/840,STRIP LIGHT,23,,174-365231,04/04/2017,A75,EC 001,,23,PO002017,£,£
,75 x 100MM TRUNKING,,,,,,ED 001,,2M,FROM A70,£,£
,60 x 60MM TRUNKING,,,,,,ED 001,,4M,,£,£
,50 x 50MM TRUNKING,40M,,,29/03/2017,A88,ED 001,,40M,PO001996,,
,50 x 37.5MM TRUNKING,,,,,,ED 001,,10M,,£,£
,37.5 x 50MM TRUNKING,,,,,,ED 001,,144M,,£,£
,25 x 50MM TRUNKING,,,,,,ED 001,5M - B45,5M,,£,£
,25 x 25MM TRUNKING,,,,,,ED 001,,12M,FROM S.B,£,£
?,ADP3 COVER ?,,,,,,ED 001,,9M,,£,£
?,ADP3 COVER ?,4M,,,,,ED 001,2 - A54,2M,,£,£
?,ADP3 COVER?,,,,,,ED 001,,10M,,£,£
?,ADP3 COVER?,,,,,,ED 001,,1M,,£,£
MWTM 75/22,RAYCHEM BLACK HEATSHRINK,10M,,,,,EE 001,10M - B39,0,,,
,,,,,,,EF 001,,,,,
JOINTING KITS,INCOMPLETE / SPARES,N/A,N/A,N/A,N/A,FROM S.B,EG 001,,N/A,FROM S.B,£,£
,,,,,,,,,,,,
,,,,,,,,,,,,
,,,,,,,,,,,,
,,,,,,,,,,,,
,,,,,,,,,,,,
,,,,,,,,,,,,
,,,,,,,,,,,,
M6 , M6 x 16 BRASS HEX SET SCREW,1000,N/A,174-308798,14/12/2015,STOCK,BR 001,200 - A54  200 - A75  100 - MM,600,PO001345,£,£
M6 , M6 x 20 BRASS HEX SET SCREW,1000,N/A,174-308798,14/12/2015,STOCK,BR 002,100 - A72,900,PO001345,,
M6 , M6 x 25 BRASS HEX SET SCREW,500,N/A,174-312920,26/01/2016,STOCK,BR 003,200 - A70  100 - A79,200,PO001398,,
M6 , M6 x 50 BRASS HEX SET SCREW,,,,,,BR 004,,,,,
M6, M6 BRASS FULL NUT,2000,N/A,174-308798,14/12/2015,STOCK,BR 005,100-A29  200-A54  600-A70  400-A72  100-A79  200-A75,400,PO001345,,
M6, M6 BRASS FLAT WASHER,5000,N/A,174-308798,14/12/2015,STOCK,BR 006,100-A29  500-A54  700-A70  1700-A72  100-A79  300-A75,1600,PO001345,,
M6, M6 BRASS SPRING WASHER,2000,N/A,174-308798,14/12/2015,STOCK,BR 007,100-A29  200-A54  300-A70  200-A72,1200,PO001345,,
,,,,,,,BR 008,,,,,
M8 , M8 x 16 BRASS HEX SET SCREW,,,,,,BR 009,,,,,
M8 , M8 x 20 BRASS HEX SET SCREW,,,,,,BR 010,,,,,
M8 , M8 x 25 BRASS HEX SET SCREW,,,,,,BR 011,,,,,
M8 , M8 x 30 BRASS HEX SET SCREW,,,,,,BR 012,,,,,
M8 , M8 x 40 BRASS HEX SET SCREW,,,,,,BR 013,,,,,
M8, M8 BRASS FULL NUT,,,,,,BR 014,,,,,
M8, M8 BRASS FULL NUT,,,,,,BR 015,,,,,
M8, M8 BRASS FLAT WASHER,,,,,,BR 016,,,,,
M8, M8 BRASS SPRING WASHER,,,,,,BR 017,,,,,
,,,,,,,BR 018,,,,,
,,,,,,,BR 019,,,,,
,,,,,,,BR 020,,,,,
M10 , M10 x 20 BRASS HEX SET SCREW,,,,,,BR 021,,,,,
M10 , M10 x 25 BRASS HEX SET SCREW,,,,,,BR 022,,,,,
M10 , M10 x 30 BRASS HEX SET SCREW,,,,,,BR 023,,,,,
M10 , M10 x 40 BRASS HEX SET SCREW,,,,,,BR 024,,,,,
M10, M10 BRASS FULL NUT,,,,,,BR 025,,,,,
M10,M10 BRASS HALF NUT,,,,,,BR 026,,,,,
M10, M10 BRASS FLAT WASHER,,,,,,BR 027,,,,,
M10,M10 BRASS SPRING WASHER,,,,,,BR 028,,,,,
M12, M12 BRASS FULL NUT,,,,,,BR 029,20 - B45,,FROM B06,,
M12, M12 BRASS HALF NUT,,,,,,BR 030,,,,,
,,,,,,,BR 031,,,,,
M12, M12 BRASS SPRING WASHER,,,,,,BR 032,60 - B45,,FROM B06,,
M12,M12 x 40 BRASS HEX SET SCREW,,,,,,BR 033,45 - B45,,FROM B06,,
M12, M12 BRASS FLAT WASHER,,,,,,BR 034,70 - B45,,FROM B06,,
,,,,,,,BR 035,,,,,
,,,,,,,BR 036,,,,,
M6 ,M6 x 10 STAINLESS STEEL HEX SET SCREW,,,,,,SS 001,,,,,
M6 ,M6 x 16 STAINLESS STEEL HEX SET SCREW,,,,,,SS 002,,,,,
M6 ,M6 x 20 STAINLESS STEEL HEX SET SCREW,,,,,,SS 003,,,,,
M6 ,M6 x 25 STAINLESS STEEL HEX SET SCREW,,,,,,SS 004,,,,,
M6 ,M6 x 30 STAINLESS STEEL HEX SET SCREW,,,,,,SS 005,,,,,
M6 ,M6 x 60 STAINLESS STEEL HEX SET SCREW,,,,,,SS 006,,,,,
M6 ,M6 x 70 STAINLESS STEEL HEX SET SCREW,,,,,,SS 007,,,,,
M6 ,M6 x 80 STAINLESS STEEL HEX SET SCREW,,,,,,SS 008,,,,,
,,,,,,,SS 009,,,,,
,,,,,,,SS 010,,,,,
M6 ,M6 STAINLESS STEEL FULL NUT,,,,,,SS 011,,,,,
,,,,,,,SS 012,,,,,
M6 ,M6 STAINLESS STEEL SPRING WASHER,,,,,,SS 013,,,,,
M6 ,M6 x 60 STAINLESS STEEL BOLT,,,,,,SS 014,,,,,
M6 ,M6 x 80 STAINLESS STEEL BOLT,,,,,,SS 015,,,,,
M6 ,M6 x 100 STAINLESS STEEL BOLT,,,,,,SS 016,,,,,
,,,,,,,SS 017,,,,,
M6 ,M6 x 20 STAINLESS STEEL SOCKET HEAD SCREW,,,,,,SS 018,,,,,
M6 ,M6 x 30 STAINLESS STEEL ROOFING BOLT,,,,,,SS 019,,,,,
M6,M6 STAINLESS STEEL NYLOC NUT,,,,,,SS 020,,,,,
,,,,,,,SS 021,,,,,
M8 ,M8 x 20 STAINLESS STEEL HEX SET SCREW,,,,,,SS 022,,,,,
M8,M8 x 30 STAINLESS STEEL HEX SET SCREW,,,,,,SS 023,,,,,
M8 ,M8 x 45 STAINLESS STEEL HEX SET SCREW,,,,,,SS 024,,,,,
M8 ,M8 x 60 STAINLESS STEEL HEX SET SCREW,,,,,,SS 025,,,,,
,,,,,,,SS 026,,,,,
M8,M8 STAINLESS STEEL FULL NUT,,,,,,SS 027,,,,,
M8,M8 STAINLESS STEEL FLAT WASHER,,,,,,SS 028,,,,,
M8,M8 STAINLESS STEEL SPRING WASHER,,,,,,SS 029,,,,,
M8,M8 STAINLESS STEEL SHAKEPROOF WASHER,,,,,,SS 030,,,,,
M8 ,M8 x 40 STAINLESS STEEL BOLT,,,,,,SS 031,,,,,
,,,,,,,SS 032,,,,,
M8,M8 x 20 STAINLESS STEEL SLOTTED SCREW,,,,,,SS 033,,,,,
,,,,,,,SS 034,,,,,
M10,M10 x 20 STAINLESS STEEL HEX SET SCREW,,,,,,SS 035,,,,,
M10,M10 x 25 STAINLESS STEEL HEX SET SCREW,,,,,,SS 036,,,,,
M10,M10 x 30 STAINLESS STEEL HEX SET SCREW,,,,,,SS 037,,,,,
M10,M10 STAINLESS STEEL FULL NUT,,,,,,SS 038,,,,,
M10,M10 STAINLESS STEEL FLAT WASHER,,,,,,SS 039,,,,,
M10,M10 STAINLESS STEEL SPRING WASHER,,,,,,SS 040,,,,,
M10,M10 STAINLESS STEEL SHAKEPROOF WASHER,,,,,,SS 041,,,,,
M10,M10 STAINLESS STEEL HALF NUT,,,,,,SS 042,,,,,
M10,M10 x 70 STAINLESS STEEL BOLT,,,,,,SS 043,,,,,
M10,M10 x 50 STAINLESS STEEL EYE BOLT,,,,,,SS 044,,,,,
M10,M10 x 120 STAINLESS STEEL THREADED BAR,,,,,,SS 045,,,,,
M12,M12 x 30 STAINLESS STEEL HEX SET SCREW,,,,,,SS 046,,,,,
M12,M12 x 40 STAINLESS STEEL HEX SET SCREW,,,,,,SS 047,,,,,
M12,M12 x 50 STAINLESS STEEL HEX SET SCREW,,,,,,SS 048,,,,,
M12,M12 x 55 STAINLESS STEEL HEX SET SCREW,,,,,,SS 049,,,,,
M12,M12 x 60 STAINLESS STEEL HEX SET SCREW,,,,,,SS 050,,,,,
M12,M12 STAINLESS STEEL FULL NUT,,,,,,SS 051,,,,,
M12,M12 STAINLESS STEEL FLAT WASHER,,,,,,SS 052,,,,,
M12,M12 STAINLESS STEEL SPRING WASHER,,,,,,SS 053,,,,,
M12,M12 STAINLESS STEEL NYLOC NUT,,,,,,SS 054,,,,,
M12,M12 STAINLESS STEEL HALF NUT,,,,,,SS 055,,,,,
M12,M12 STAINLESS STEEL SHEAR NUT,,,,,,SS 056,,,,,
M12,M12 x 110 STAINLESS STEEL BOLT,,,,,,SS 057,,,,,
M12,M12 x 120 STAINLESS STEEL BOLT,,,,,,SS 058,,,,,
M16,M16 x 40 STAINLESS STEEL HEX SET SCREW,,,,,,SS 059,,,,,
M16,M16 x 45 STAINLESS STEEL HEX SET SCREW,,,,,,SS 060,,,,,
M16,M16 x 50 STAINLESS STEEL HEX SET SCREW,,,,,,SS 061,,,,,
M16,M16 x 55 STAINLESS STEEL HEX SET SCREW,,,,,,SS 062,,,,,
M16,M16 x 70 STAINLESS STEEL HEX SET SCREW,,,,,,SS 063,,,,,
M16,M16 x 80 STAINLESS STEEL HEX SET SCREW,,,,,,SS 064,,,,,
M16,M16 STAINLESS STEEL FULL NUT,,,,,,SS 065,,,,,
,,,,,,,SS 066,,,,,
M16,M16 STAINLESS STEEL SPRING WASHER,,,,,,SS 067,,,,,
M16,M16 x 100 STAINLESS STEEL BOLT,,,,,,SS 068,,,,,
M16,M16 x 140 STAINLESS STEEL BOLT,,,,,,SS 069,,,,,
M20,M20 x 60 STAINLESS STEEL HEX SET SCREW,,,,,,SS 070,,,,,
M20,M20 x 80 STAINLESS STEEL HEX SET SCREW,,,,,,SS 071,,,,,
M20,M20 STAINLESS STEEL FULL NUT,,,,,,SS 072,,,,,
M20,M20 STAINLESS STEEL FLAT WASHER,,,,,,SS 073,,,,,
,BROWN  2.5MM TRI RATED CABLE,1350M,,,,,GF A 001,50M -    100M - CH,1300 M,,£,£
,BLUE  2.5MM TRI RATED CABLE,1500M,,,,,GF A 001,100M -  100M -CH,1400M,,£,£
,WHITE  2.5MM TRI RATED CABLE,500M,,,,,GF A 001,200M-A88,300 M,,£,£
,BROWN  2.5MM TRI RATED CABLE,100M,N/A,329,05/04/2016,A77,GF A 001,100M-A54,0,PO001506 ,£,£
,BLUE  2.5MM TRI RATED CABLE,100M,N/A,329,05/04/2016,A77,GF A 001,100M-A54,0,PO001506,£,£
,WHITE  1.5MM TRI RATED CABLE,400M,,,,,GFA 001,,400M,,,
BC5002 013,MCB REAR PLATE,27,,,,A70,GF A 002,,27,,£,£
,BLANKING PLATE,4,,,,,GF A 002,,4,FROM A70,£,£
,BLANKING PLATE,2,,,,,GF A 002,,2,FROM A70,£,£
,BLANKING PLATE,12,,,,,GF A 002,,12,FROM A70,£,£
BE2026 104,BLANKING PLATE 4U,12,,,,,GF A 002,,12,FROM A70,£,£
,BLANKING PLATE 1U,14,,,,,GF A 003,,14,FROM A70,£,£
BC5002 075,SWITCH PLATE  SIZE 2,12,,,,,GF A 003,,12,FROM A70,£,£
BC5002 011,LINK PLATE  SIZE 2,27,,,,,GF A 003,,27,FROM A70,£,£
BE2026 101,BLANKING PLATE,73,,,,,GF A 003,,71,FROM A70,£,£
,BRACKET,37,,,,,GF A 003,,36,FROM A70,£,£
FX0021 101,RACK FRAME (RELAY HOLDER),29,,,,,GF A 003,8 -A95,21,FROM A70,£,£
A29-TP-DET-0020,TRAINING PANEL FRONT,3,,,,,GF A 003,,3,FROM A29,£,£
,,,,,,,GFA 004,,,,£,£
,BATTERIES,4,,,,A75,GFA 005,,4,,£,£
,INSPECTION PIT,1,,,,A72,GFA 005,,1,,£,£
EAFIT003,"3/4"" x 1.2M EARTH ROD",50,N/A,2685/01,02/12/2015,A76,GF A 006,4 - A    46 - B32,0,PO001329,£,£
EAFIT004,"3/4"" COUPLERS",50,N/A,2685/01,02/12/2015,A76,GF A 006,,50,PO001329,£,£
EAFIT005,"3/4"" DRIVING STUD",5,N/A,2685/01,02/12/2015,A76,GF A 006,,5,PO001329,£,£
87633-0001,"5/8"" x 4ft  EARTH ROD",4,N/A,N/A,N/A,A54,GFA 006,,4,FROM A54,£,£
,BELL WIRE ASST COLOURS,50M,N/A,N/A,N/A,N/A,GF B 001,"RED, BLUE, YELLOW, BLACK, BROWN, GREEN - TAKEN ?",0,FROM S.B,£,£
,6.0MM GR/YELL  STRANDED CABLE,90M,,N/A,N/A,,GF B 001,20M -,70M,FROM A39,£,£
,2.5MM GR/YELL STRANDED CABLE,30M,,N/A,N/A,,GF B 001,30M -,15M,FROM S.B,£,£
,1.5MM GR/YELL STRANDED CABLE,150M,,N/A,N/A,,GF B 001,100M - ,50M,FROM S.B,£,£
,16MM GR/YELL STRANDED CABLE,80M,,N/A,N/A,,GF B 001,80M-A88,0,FROM S.B,£,£
,6.0MM BLUE STRANDED CABLE,130M,,N/A,N/A,,GF B 001,50M - ,80M,FROM S.B,£,£
,2.5MM BLUE STRANDED CABLE,280M,,N/A,N/A,,GF B 001,,280M,FROM S.B,£,£
,1.5MM BLUE STRANDED CABLE,160M,,N/A,N/A,,GF B 001,,160M,FROM S.B,£,£
,6.0MM BROWN STRANDED CABLE,90M,,N/A,N/A,,GF B 001,,90M,FROM S.B,£,£
,2.5MM BROWN STRANDED CABLE,140M,,N/A,N/A,,GF B 001,,140M,FROM S.B,£,£
,1.5MM BROWN STRANDED CABLE,300M,,N/A,N/A,,GF B 001,,300M,FROM S.B,£,£
,,,,,,,GF B 002,,,,£,£
 M10   ,M10 x 25 MM SET SCREW,100,N/A,N/A,N/A,,GF B 003,,0,FROM S.B,£,£
M10,M10 x 30 MM SET SCREW,300,N/A,N/A,N/A,,GF B 004,,250,FROM S.B,£,£
M10,M10 x 80MM SET SCREW,100,,N/A,N/A,A88,GF B 005,100 - A88,100,PO002086,£,£
M10 ,M10 x 100 MM SET SCREW,60,N/A,N/A,N/A,,GF B 006,,60,FROM S.B,£,£
M10,M10 x 120 MM SET SCREW,240,N/A,N/A,N/A,,GF B 007,,240,FROM S.B,£,£
M10,M10 FULL NUT,1700,N/A,N/A,N/A,,GF B 008,,1450,FROM S.B,£,£
M10,M10 FULL NUT,1700,N/A,N/A,N/A,,GF B 009,,1700,FROM S.B,£,£
M10 ,M10 SPRING WASHER,900,N/A,N/A,N/A,,GF B 010,,800,FROM S.B,£,£
M10,M10 SPRING WASHER,100,,,,A83,GF B 010,,100,,,
M10,M10 FLAT WASHER,2300,N/A,N/A,N/A,,GF B 011,,2100,FROM S.B,£,£
M10,120 MM THREADED BAR,240,N/A,N/A,N/A,,GF B 012,,240,FROM S.B,£,£
M10,120 MM THREADED BAR,313,N/A,N/A,N/A,,GF B 013,,313,FROM S.B,£,£
,,,,,,,GF B 014,,,,£,£
M12 ,M12 x 30MM SET SCREW,40,N/A,,,,GF B 015,,0,FROM S.B,£,£
M12 ,,,,,,,GF B 016,,,,£,£
M12,M12 x 40MM SET SCREW,60,N/A,,,,GF B 017,,60,FROM S.B,£,£
M12,M12 x 45MM SET SCREW,20,N/A,,,,GF B 018,,20,FROM S.B,£,£
M12,M12 x 50MM SET SCREW,10,N/A,,,,GF B 019,,0,FROM S.B,£,£
M12,M12 x 60MM SET SCREW,50,,,,,GF B 020,10 - A72,40,FROM S.B,£,£
,,,,,,,GF B 021,,,,£,£
,,,,,,,GF B 022,,,,£,£
M12 ,M12 FLAT WASHER,600,,,,,GF B 023,A75 - 50   A72 -100,288,FROM S.B,£,£
M12 ,M12 SPRING WASHER,50,,,,,GF B 024,,0,FROM S.B,£,£
,,,,,,,GF B 025,,,,£,£
,,,,,,,GF B 026,,,,£,£
M12,M12 x 200MM THREADED BAR,10,,,,,GF B 027,,10,FROM S.B,£,£
M16 ,M16 x 40MM SET SCREW,40,,,,,GF B 028,A72 -15,25,FROM S.B,£,£
M16  ,M16 x 50MM SET SCREW,30,,,,,GF B 029,,30,FROM S.B,£,£
M16 ,M16 FULL NUT,120,,,,,GF B 030,A72 -120,0,FROM S.B,£,£
M16 ,M16 FLAT WASHER,700,,,,,GF B 031,A72 - 120,500,FROM S.B,£,£
M16,M16 SPRING WASHER,80,,,,,GF B 032,A72 - 60,20,FROM S.B,£,£
,,,,,,,GF B 033,,,,£,£
M16,M16 EYE BOLT,5,,,,,GF B 034,,5,FROM S.B,£,£
M20,M20 x 420MM BOLT,16,,,,,GF B 035,,16,FROM S.B,£,£
M20,M20 FULL NUT,30,,,,,GF B 036,,30,FROM S.B,£,£
M20,M20 FLAT WASHER,70,,,,,GF B 037,,70,FROM S.B,£,£
M20,M20 LOCK WASHER,10,,,,,GF B 038,,10,FROM S.B,£,£
,,,,,,,GF B 039,,,,£,£
M20,M20 HALF NUT,20,,,,A75,GF B 040,,20,,£,£
M2874H,LINDAPTOR CLAMP,5,N/A,N/A,N/A,N/A,GF B 041,,1,FROM S.B,£,£
MP44/6,M6 G/CLAMP,200,,174-364704,04/04/2017,A54,GF B 042,100 - A54,0,PO002009,£,£
,3 CORE SCREENED 0.25 GREY FLEX,20M,,N/A,N/A,N/A,GF C 001,,20M,FROM S.B,£,£
,2 CORE SCREENED 0.5 GREY FLEX,10M,,N/A,N/A,N/A,GF C 001,,10M,FROM S.B,£,£
,3 CORE 1MM WHITE FLEX,30M,,N/A,N/A,N/A,GF C 001,,30M,FROM S.B,£,£
,2 CORE 1MM WHITE FLEX,20M,,N/A,N/A,N/A,GF C 001,,25M,FROM S.B,£,£
,3 CORE 1.5MM WHITE FLEX,20M,,N/A,N/A,N/A,GF C 001,,20M,FROM S.B,£,£
,2 CORE 0.75MM WHITE FLEX,50M,,N/A,N/A,N/A,GF C 001,,50M,FROM S.B,£,£
,2 CORE 0.5MM WHITE FLEX,100M,,N/A,N/A,N/A,GF C 001,,100M,FROM S.B,£,£
,3 CORE 1.5MM YELLOW FLEX,60M,,N/A,N/A,N/A,GF C 001,,60M,FROM S.B,£,£
,18 CORE 0.5MM BLACK FLEX,20M,,N/A,N/A,N/A,GF C 001,,20M,FROM S.B,£,£
,4 CORE 0.22MM BLACK FLEX,20M,,N/A,N/A,N/A,GF C 001,,20M,FROM S.B,£,£
,2 CORE 2.2MM BLACK FLEX,10M,,N/A,N/A,N/A,GF C 001,,10M,FROM S.B,£,£
,2 PAIR 0.22MM BLACK FLEX,25M,,N/A,N/A,N/A,GF C 001,,25M,FROM S.B,£,£
,6MM TRI RATED WHITE CABLE,20M,,N/A,N/A,N/A,GF C 001,,20M,FROM S.B,£,£
,4MM TRI RATED WHITE CABLE,60M,,N/A,N/A,N/A,GF C 001,,60M,FROM S.B,£,£
,1.5MM TRI RATED WHITE CABLE,30M,,N/A,N/A,N/A,GF C 001,,250M,FROM S.B,£,£
,0.5MM TRI RATED WHITE CABLE,250M,,N/A,N/A,N/A,GF C 001,,30M,FROM S.B,£,£
,4MM TRI RATED BROWN CABLE,40M,,N/A,N/A,N/A,GF C 001,,40M,FROM S.B,£,£
,4MM TRI RATED BLUE CABLE,50M,,N/A,N/A,N/A,GF C 001,,50M,FROM S.B,£,£
,0.5MM TRI RATED RED CABLE,160M,,N/A,N/A,N/A,GF C 001,80M - A75,80M,FROM S.B,£,£
,0.5MM TRI RATED GREY CABLE,20M,,N/A,N/A,N/A,GF C 001,,20M,FROM S.B,£,£
,6MM TRI RATED BLACK CABLE,50M,,N/A,N/A,N/A,GF C 001,,50M,FROM S.B,£,£
,2.5MM TRI RATED BLACK CABLE,150M,,N/A,N/A,N/A,GF C 001,,150M,FROM S.B,£,£
,1.5MM HSS BLACK CABLE,80M,,N/A,N/A,N/A,GF C 001,,80M,FROM A39,£,£
,0.5MM TRI RATED BLACK CABLE,70M,,N/A,N/A,N/A,GF C 001,70M - A75,0,FROM S.B,£,£
M6,LONG SPRING CHANNEL NUT,20,,N/A,N/A,N/A,GF C 002,,20,,£,£
M6,LONG SPRING CHANNEL NUT,15,,,,A75,GF C 002,,15,,£,
M6,SHORT SPRING CHANNEL NUT,450,,N/A,N/A,N/A,GF C 003,,450,,£,£
,,,,,,,GF C 004,,,,£,£
M8,LONG SPRING CHANNEL NUT,80,,N/A,N/A,N/A,GF C 005,,80,,£,£
M8,LONG SPRING CHANNEL NUT,82,,,,A75,GF C 005,,82,,,
M8,SHORT SPRING CHANNEL NUT,96,,N/A,N/A,N/A,GF C 006,,96,,£,£
M12,LONG SPRING CHANNEL NUT,47,,,,A75,GF C 007,,47,,£,£
M10,LONG SPRING CHANNEL NUT,10,,,,,GF C 008,,10,,£,£
M10,LONG SPRING CHANNEL NUT,93,,,,A75,GF C 008,,93,,,
M10,SHORT SPRING CHANNEL NUT,2,,,,,GF C 009,,2,,£,£
M10,CHANNEL NUT,364,,,,,GF C 010,,364,,£,£
M10,CHANNEL NUT,46,,,19/06/2017,A88,GFC 010,,46,PO00,,
D704,UNISTRUT FOOT PLATE,20,,,,A75,GF C 011,,20,,£,£
1031,UNISTRUT TEE JOIN,21,,,,,GF C 012,,21,,£,£
2322,UNISTRUT JOIN,9,,,,,GF C 013,2-A75,7,,£,£
,UNISTRUT ANGLE,22,,,,,GF C 014,21-A75,1,,£,£
,UNISTRUT ANGLE,9,,,,,GF C 015,9-A75,0,,£,£
1359,UNISTRUT ANGLE,6,,,,,GF C 016,,6,,£,£
SO320,UNISTRUT ANGLE,5,,,,,GF C 017,,5,,£,£
,UNISTRUT FOOTPLATE,1,,,,,GF C 018,,1,,£,£
,UNISTRUT S/S ANGLE BRACKET,67,,,,,GF C 019,,67,,£,£
,UNITRUNK CABLE TRAY CONNECTOR,54,,,,,GF C 020,,54,,£,£
,UNITRUNK CABLE TRAY CONNECTOR,8,,,,A75,GF C 020,,8,,,
,UNITRUNK CABLE TRAY CONNECTOR,24,,,,,GF C 021,,24,,£,£
,UNITRUNK END CAP,4,,,,,GF C 022,,4,,£,£
,UNITRUNK CONNECTOR,13,,,,,GF C 023,,13,,£,£
SOE 22,,4,,,,,GF C 024,,4,,£,£
STE 22,,3,,,,,GF C 025,,3,,£,£
,UNITRUNK JOIN,1,,,,,GF C 026,,1,,£,£
,VANTRUNK CONNECTOR,,,,,,GF C 027,,,,£,£
,VANTRUNK CONNECTOR,,,,,,GF C 028,,,,£,£
25MM,CONDUIT JUNCTION BOX 2-WAY (STR.),5,,,,,GF C 029,,5,,£,£
25MM,CONDUIT JUNCTION BOX 2-WAY (ELBOW),3,,,,,GF C 030,,3,,£,£
25MM,CONDUIT JUNCTION BOX 1-WAY,1,,,,,GF C 031,,1,,£,£
20MM,CONDUIT   T-JOIN ,7,,,,,GF C 032,,7,,£,£
25MM,CONDUIT COUPLER (F),27,,,,,GF C 033,,27,,£,£
20MM,CONDUIT COUPLER (F),44,,,,,GF C 034,,44,,£,£
,CONDUIT JUNCTION BOX LID (ASST),43,,,,,GF C 035,,43,,£,£
25MM,CONDUIT SADDLE,12,,,,,GF C 036,,12,,£,£
20MM,CONDUIT SADDLE,27,,,,,GF C 037,,27,,£,£
,METAL SADDLE,22,,,,,GF C 038,,22,,£,£
,,,,,,,GF C 039,,,,£,£
,,,,,,,GF C 040,,,FROM S.B,£,£
,,,,,,,GF C 041,,,FROM S.B,£,£
,,,,,,,GF C 042,,,FROM S.B,£,£
40 x 40,BLACK END CAP,66,,,,A75,GF C 043,10 - A99,56,FROM S.B,£,£
MP51,BLACK S/S END CAP,33,,,,,GF C 044,,33,FROM S.B,£,£
,WHITE S/S END CAP,6,,,,,GF C 045,,6,FROM S.B,£,£
,GRP BRACKET (ASST) ,9,,,,,GF C 046,,9,FROM S.B,£,£
,,,,,,,GF D 001,,,,£,£
,,,,,,,GF D 002,,,,£,£
,,,,,,,GF D 003,,,,£,£
,,,,,,,GF D 004,,,,£,£
,,,,,,,GF D 005,,,,£,£
,,,,,,,GF D 006,,,,£,£
,,,,,,,GF D 007,,,,£,£
,,,,,,,GF D 008,,,,£,£
,,,,,,,GF D 009,,,,£,£
,,,,,,,GF D 010 ,,,,£,£
,,,,,,,GF D 011 ,,,,£,£
,,,,,,,GF D 012 ,,,,£,£
,,,,,,,GF D 013 ,,,,£,£
,,,,,,,GF D 014,,,,£,£
,,,,,,,GF D 015 ,,,,£,£
,,,,,,,GF D 016 ,,,,£,£
,,,,,,,GF D 017,,,,£,£
,,,,,,,GF D 018 ,,,,£,£
,,,,,,,GF D 019 ,,,,£,£
,,,,,,,GF D 020 ,,,,£,£
,,,,,,,GF D 021 ,,,,£,£
,,,,,,,GF D 022,,,,£,£
,,,,,,,GF D 023,,,,£,£
,,,,,,,GF D 024,,,,£,£
,,,,,,,GF E 001,,,,,
,,,,,,,GF E 002,,,,,
,,,,,,,GF E 003,,,,,
,,,,,,,GF E 004,,,,,
,,,,,,,GF E 005,,,,,
,,,,,,,GF E 006,,,,,
,,,,,,,GF E 007,,,,,
,,,,,,,GF E 008,,,,,
,,,,,,,GF E 009,,,,,
,,,,,,,GF E 010,,,,,
,,,,,,,GF E 011,,,,,
,,,,,,,GF E 012,,,,,
,,,,,,,GF E 013,,,,,
,,,,,,,GF E 014,,,,,
,,,,,,,GF E 015,,,,,
,,,,,,,GF E 016,,,,,
,,,,,,,GF E 017,,,,,
,,,,,,,GF E 018,,,,,
,,,,,,,GF E 019,,,,,
,,,,,,,GF E 020,,,,,
,ASST CABLE,,,,,,GF F 001,,,,,
,,,,,,,GF F 002,,,,,
M10,M10 x 25MM HEX SET SCREW,,,N/A,N/A,A72,GF F 003,,,,,
M10,M10 x 30MM HEX SET SCREW,,,,,,GF F 004,,FROM S.B,,,
,,,,,,,GF F 005,,,,,
M10,M10 x 50MM HEX SET SCREW,,,,,,GF F 006,,FROM S.B,,,
M10,M10 x 60MM HEX SET SCREW,,,,,A75,GF F 007,,,,,
M10,M10 x 70MM HEX SET SCREW,,,,,,GF F 008,,FROM S.B,,,
,,,,,,,GF F 009,,,,,
M10,M10 x 100MM HEX SET SCREW,,,,,,GF F 010,,FROM S.B,,,
M10,M10 x 120MM HEX SET SCREW,,,,,,GF F 011,,FROM S.B,,,
M10,M10 x 120MM HEX SET SCREW,,,,,,GF F 012,,FROM S.B,,,
M10,M10 FULL NUT,,,,,"A54, A72, A88",GF F 013,,FROM S.B,,,
M10,M10 FLAT WASHER,,,,,"A54,A88",GF F 014,200 - B18,FROM S.B,,,
M10,M10 SPRING WASHER,,,,,A54,GF F 015,100 - B18,FROM S.B,,,
M10,M10 x 25MM PENNY WASHER,,,,,"A54, A72",GF F 016,,,,,
M10,M10 RIV NUT,,,,,A72,GF F 017,,,,,
,,,,,,,GF F 018,,,,,
M10,M10 x 70MM BOLT,,,,,A88,GF F 019,,,,,
M10 ,M10 x 125MM THREADED BAR,,,,,,GF F 020,,FROM S.B,,,
M10,M10 x 170MM THREADED BAR ,,,,,A72,GF F 021,,,,,
M10,M10 x 120MM THREADED BAR,,,,,,GF F 022,100 - B18,FROM S.B,,,
M10,M10 x 120MM THREADED BAR,,,,,,GF F 023,,FROM S.B,,,
M10,M10 FULL NUT,,,,,,GF F 024,200 - B18,FROM S.B,,,
M10,M10 FULL NUT,,,,,,GF F 025,,FROM S.B,,,
M10,M10 FULL NUT,,,,,,GF F 026,,FROM S.B,,,
,ASST CABLE,,,,,,GF G 001,,,,,
,,,,,,,GF G 002,,,,,
M12,M12 x 30MM HEX SET SCREW,,,,,A94,GF G 003,,,,,
M12,M12 x 35MM HEX SET SCREW,,,,,A72,GF G 004,,,,,
M12,M12 x 40MM HEX SET SCREW,,,,,A94,GF G 005,,,,,
M12,M12 x 45MM HEX SET SCREW,,,,,A94,GF G 006,,,,,
M12,M12 x 50MM HEX SET SCREW,,,,,A88,GF G 007,,,,,
M12,M12 x 50MM HEX SET SCREW,,,,,A88,GF G 008,,FROM S.B,,,
M12,M12 x 60MM HEX SET SCREW,,,,,A94,GF G 009,,FROM S.B,,,
M12,M12 x 65MM HEX SET SCREW,,,,,A54,GF G 010,,,,,
M12,M12 x 70MM HEX SET SCREW,,,,,A88,GF G 011,,,,,
M12,M12 FULL NUT,,,,,A94,GF G 012,,,,,
M12,M12 FLAT WASHER,,,,,"A72, A88",GF G 013,,,,,
,,,,,,,GF G 014,,,,,
M12,M12 LOCK NUT,,,,,A72,GF G 015,,,,,
M12,M12 x 60MM HEX SET SCREW - GALVANISED,,,,,A54,GF G 016,,,,,
M12,M12 FULL NUT - GALVANISED,,,,,"A54, A83",GF G 017,,,,,
M12,M12 FLAT WASHER - GALVANISED,,,,,A54,GF G 018,,,,,
,,,,,,,GF G 019,,,,,
,,,,,,,GF G 020,,,,,
,,,,,,,GF G 021,,,,,
,,,,,,,GF G 022,,,,,
,,,,,,,GF G 023,,,,,
,,,,,,,GF G 024,,,,,
,,,,,,,GF G 025,,,,,
,ASST CABLE,,,,,,GF H 001,,,,,
,,,,,,,GF H 002,,,,,
M16,M16 x 40MM HEX SET SCREW ,,,,,,GF H 003,,,,,
M16,M16 x 55MM HEX SET SCREW ,,,,,,GF H 004,,,,,
M16,M16 x 65MM HEX SET SCREW ,,,,,A72,GF H 005,,,,,
M16,M16 x 80MM HEX SET SCREW ,,,,,A72,GF H 006,,,,,
M16,M16 x 100MM HEX SET SCREW ,,,,,A72,GF H 007,,,,,
M16,M16 x 120MM HEX SET SCREW ,,,,,A72,GF H 008,,,,,
M16,M16 FULL NUT,,,,,,GF H 009,,,,,
M16,M16 FLAT WASHER,,,,,,GF H 010,,,,,
M16,M16 SPRING WASHER,,,,,,GF H 011,,,,,
M16,M16 x 140MM BOLT,,,,,A54,GF H 012,,,,,
M16 ,M16 x 45MM CSK SKT HEAD SCREW,,,,,,GF H 013,,,,,
M16,M16 HALF NUT,,,,,,GF H 014,,,,,
M16,,,,,,,GF H 015,,,,,
,,,,,,,GF H 016,,,,,
,,,,,,,GF H 017,,,,,
,,,,,,,GF H 018,,,,,
,,,,,,,GF H 019,,,,,
,,,,,,,GF H 020,,,,,
,,,,,,,GF H 021,,,,,
,,,,,,,GF H 022,,,,,
M20,M20 x 120MM HEX HEAD SCREW,,,,,,GF H 023,,,,,
,,,,,,,GF H 024,,,,,
,,,,,,,GF H 025,,,,,
M20,M20 LOCKING WASHER,,,,,,GF H 026,,,,,
M20,M20 HALF NUT GALVANISED,,,,,,GF H 027,,,,,
M20,M20 x 420MM BOLT,,,,,,GF H 028,,,,,
,ASST CABLE,,,,,,GF I 001,,,,,
M6,M6 SHORT SPRING CHANNEL NUT,,,,,,GF I 002,,,,,
M6,M6 LONG SPRING CHANNEL NUT,,,,,,GF I 003,,,,,
M8,M8 SHORT SPRING CHANNEL NUT,,,,,,GF I 004,,,,,
M8,M8 LONG SPRING CHANNEL NUT,,,,,,GF I 005,,,,,
M10,M10 SHORT SPRING CHANNEL NUT,,,,,,GF I 006,,,,,
M10,M10 LONG SPRING CHANNEL NUT,,,,,,GF I 007,,,,,
M12,M12 SHORT SPRING CHANNEL NUT,,,,,,GF I 008,,,,,
M12,M12 LONG SPRING CHANNEL NUT,,,,,,GF I 009,,,,,
,,,,,,,GF I 010,,,,,
,,,,,,,GF I 011,,,,,
M6,M6 CHANNEL NUT,,,,,,GF I 012,,,,,
M8,M8 CHANNEL NUT,,,,,,GF I 013,,,,,
M10,M10 CHANNEL NUT,,,,,,GF I 014,,,,,
M12,M12 CHANNEL NUT,,,,,,GF I 015,,,,,
,,,,,,,GF I 016,,,,,
,,,,,,,GF I 017,,,,,
,,,,,,,GF I 018,,,,,
,,,,,,,GF I 019,,,,,
,,,,,,,GF I 020,,,,,
,,,,,,,GF I 021,,,,,
,,,,,,,GF I 022,,,,,
,,,,,,,GF I 023,,,,,
,,,,,,,GF I 024,,,,,
,,,,,,,GF I 025,,,,,
,,,,,,,GF I 026,,,,,
,ASST CABLE,,,,,,GF J 001,,,,,
,,,,,,,GF J 002,,,,,
,,,,,,,GF J 003,,,,,
,,,,,,,GF J 004,,,,,
,,,,,,,GF J 005,,,,,
,,,,,,,GF J 006,,,,,
,,,,,,,GF J 007,,,,,
,,,,,,,GF J 008,,,,,
,,,,,,,GF J 009,,,,,
,,,,,,,GF J 010,,,,,
,,,,,,,GF J 011,,,,,
,,,,,,,GF J 012,,,,,
,,,,,,,GF J 013,,,,,
,,,,,,,GF J 014,,,,,
,,,,,,,GF J 015,,,,,
,,,,,,,GF J 016,,,,,
,,,,,,,GF J 017,,,,,
,,,,,,,GF J 018,,,,,
,,,,,,,GF J 019,,,,,
,,,,,,,GF J 020,,,,,
,,,,,,,GF J 021,,,,,
,,,,,,,GF J 022,,,,,
,,,,,,,GF J 023,,,,,
,,,,,,,GF J 024,,,,,
,,,,,,,GF J 025,,,,,
,,,,,,,GF J 026,,,,,
600 MM x 2M,600 MM MEDIUM DUTY CABLE TRAY ,1,N/A,174-404655,06/02/2018,A96,GF K 001,,1,PO002813,£,£
450 MM x 3M,450 MM MEDIUM DUTY CABLE TRAY ,6,N/A,N/A,N/A,A75,GF K 001,6 - B45,0,FROM A75,£,£
300 MM x 1M,300 MM MEDIUM DUTY CABLE TRAY ,1,N/A,N/A,N/A,A39,GF K 001,1 - B45,0,FROM A39,£,£
150 MM x 3M,150 MM MEDIUM DUTY CABLE TRAY ,1,N/A,338809,15/02/2018,A96,GF K 001,1 - B45,0,PO002813,£,£
150 MM x 3M,150 MM MEDIUM DUTY CABLE TRAY ,2,,,,B32,GF K 001,,2,,,
150 MM x 2M,150 MM MEDIUM DUTY CABLE TRAY,1,,,,,GF K 001,,1,,,
150 MM x 1.8M,150 MM MEDIUM DUTY CABLE TRAY,2,,,,,GF K 001,,2,,,
150 MM x 1M,150 MM MEDIUM DUTY CABLE TRAY ,2,N/A,338809,15/02/2018,A96,GF K 001,,2,PO002813,£,£
100 MM x 3M,100 MM MEDIUM DUTY CABLE TRAY ,3,N/A,N/A,N/A,N/A,GF K 001,2M - A   1M - B45,0,FROM S.B,£,£
100 MM x 2.5M,100 MM MEDIUM DUTY CABLE TRAY ,2,,,,,GF K 001,,2,,,
100 MM x 1.25M,100 MM MEDIUM DUTY CABLE TRAY ,1,N/A,N/A,N/A,A39,GF K 001,1M - A88,0,,£,£
50 MM x 1.75M,50 MM MEDIUM DUTY CABLE TRAY ,2,N/A,27504141,20/06/2017,A75,GF K 001,1.75M - A,1,PO002205,£,£
50 MM x 1M,50 MM MEDIUM DUTY CABLE TRAY ,1,N/A,27504141,20/06/2017,A75,GF K 001,,1,PO002205,£,£
100 MM x 2.4M,100 MM LIGHT DUTY CABLE TRAY ,2,,,,,GF K 001,,2,,£,£
100 MM x 1.5M,100 MM LIGHT DUTY CABLE TRAY ,1,,,,,,,1,,,
100 MM  x 1.3M,100 MM LIGHT DUTY CABLE TRAY ,1,,,,,,,1,,,
100 MM x 1M,100 MM LIGHT DUTY CABLE TRAY ,1,,,,,,,1,,,
0.75 MM x 3M,75 MM LIGHT DUTY CABLE TRAY,2,,,,,,,2,,,
0.75 MM x 2M,75 MM LIGHT DUTY CABLE TRAY,2,,,,,,,2,,,
0.75 MM x 0.8M,75 MM LIGHT DUTY CABLE TRAY,1,,,,,,,1,,,
41MM x 41MM,UNISTRUT CHANNEL x 1M(NOT SLOTTED),1,N/A,174-404655,06/02/2018,A96,GF K 001,2M - A   1M - B45,1,PO002813,£,£
41MM x 41MM,UNISTRUT CHANNEL x 3M,8,N/A,N/A,N/A,A75,GF K 001,3 -B45,5,,£,£
41MM x 41MM,UNISTRUT CHANNEL x 2.7M,2,N/A,N/A,N/A,A75,GF K 001,2 - B45,0,,£,£
41MM x 41MM,UNISTRUT CHANNEL x 2.4M,1,N/A,N/A,N/A,A75,GF K 001,1 - B45,0,,£,£
41MM x 41MM,UNISTRUT CHANNEL x 2M,2,N/A,N/A,N/A,A75,GF K 001,2 - B45,0,,£,£
41MM x 41MM,UNISTRUT CHANNEL x 1.5M,2,N/A,N/A,N/A,A75,GF K 001,2 - B45,0,,£,£
40MM x 21MM,UNISTRUT CHANNEL x 3M,74,N/A,174-310042,22/12/2015,A70,GF K 001,6-A54  6-A70  10-A75  5-A88  4-A96 A - 99  6 - B32,32,PO001360,£,£
40MM x 21MM,UNISTRUT CHANNEL x 1.65M,1,N/A,174-310042,22/12/2015,A70,GF K 001,6-A54  6-A70  10-A75  5-A88  4-A96  6 - B32,1,PO001360,£,£
,G - RAIL - NOT SLOTTED,34,,,,,,,,,,
,DIN RAIL DEEP SLOTTED 2M,18,,,,,,,,,,
,DIN RAIL DEEP SLOTTED 2M,1,,,,,,,,,,
,,,,,,,,,,,,
,,,,,,,,,,,,
,,,,,,,,,,,,
,,,,,,,,,,,,
M10,M10 THREADED BAR x 3M,6,N/A,N/A,N/A,A75,GF K 001,6 - B45,6,,£,£
M10,M10 THREADED BAR x 2.5M,11,N/A,N/A,N/A,A75,GF K 001,8 - A75  2-A72,1,,£,£
M10,M10 THREADED BAR x 2M,1,N/A,N/A,N/A,A75,GF K 001,1 - B45,1,,£,£
M8,M8 THREADED BAR x 3M,6,N/A,N/A,N/A,A75,GF K 001,6 - B45,6,,£,£
M8,M8 THREADED BAR x 1.75M,1,N/A,N/A,N/A,,GF K 001,1 - B45,1,,,
,TOP HAT SLOTTED DIN RAIL x 2M,18,N/A,,,,GF K 001,,18,,£,£
,TOP HAT SLOTTED DIN RAIL x 1M,1,N/A,,,,GF K 001,,1,,£,£
,TOP HAT SLOTTED DIN RAIL x 2M,3,N/A,,,,GF K 001,,3,,£,£
,TOP HAT SLOTTED DIN RAIL x 1M,2,N/A,,,,GF K 001,,2,,£,£
,TOP HAT UNSLOTTED DIN RAIL x 2M,2,N/A,,,,GF K 001,,2,,£,£
,UNSLOTTED G RAIL x 2M,36,N/A,,,,GF K 001,,36,,£,£
,UNSLOTTED G RAIL  x 1M,1,N/A,,,,GF K 001,,1,,£,£
,150MM CABLE LADDER RACK x 3M,22,N/A,1443967,09/05/2017,PO002086,GF K 001,10 x 3M - A72,12,FROM A88,£,£
,150MM CABLE LADDER RACK x 1.4M,2,N/A,,,,GF K 001,,2,FROM A88,£,£
, 150MM CABLE LADDER RACK x 1M,1,N/A,,,,GF K 001,,1,FROM A88,£,£
,300MM CABLE LADDER RACK x 3M,1,N/A,,,,GF K 001,,1,FROM A88,£,£
,300MM CABLE LADDER RACK x 2.4M,1,N/A,,,,GF K 001,,1,FROM A88,£,£
41MM x 41MM,GRP CHANNEL x 3M,9,N/A,,,,GF K 001,1 - Z01,8,FROM A88,£,£
41MM x 41MM,GRP CHANNEL x 1.6M ,1,N/A,,,,GF K 001,,1,FROM A88,£,£
41MM x 41MM,GRP CHANNEL x 1.4M,1,N/A,,,,GF K 001,1 - Z01,0,FROM A88,£,£
20MM,CONDUIT x 4M,3,N/A,,,,GF K 001,2 - A88,1,FROM A88,£,£
150MM x 100MM,CABLE LADDER RACK BEND,1,N/A,,,,GF L 001,,1,FROM A39,£,£
150MM x 100MM,CABLE LADDER RACK BEND,1,N/A,,,,GF L 001,,1,FROM A39,£,£
300MM x 100MM,CABLE LADDER RACK BEND,1,N/A,,,,GF L 001,,1,FROM A88,£,£
300MM x 100MM,CABLE LADDER RACK BEND,1,N/A,,,,GF L 001,,1,FROM A39,£,£
300MM x 100MM,CABLE LADDER RACK BEND,3,N/A,,,,GF L 001,,3,FROM A88,£,£
150MM x 100MM,CABLE LADDER RACK FLAT BEND,9,N/A,,,,GF L 001,,9,FROM A88,£,£
150MM x 100MM,CABLE LADDER RACK TEE SECTION,1,N/A,,,,GF L 001,,1,FROM A88,£,£
FLS/S,CAMERA CAGE,4,N/A,,,,GF L 001,,4,FROM A75,£,£
50MM x 50MM, TRUNKING WITH LID x 3M,31,N/A,,,,GF M 001,1 - A,30,FROM A88,£,£
50MM x 50MM, TRUNKING WITH LID x 1.4M,1,N/A,,,,GF M 001,,1,FROM A88,£,£
100MM x 100MM, TRUNKING WITH LID x 3M,1,N/A,,,,GF M 001,,1,FROM S.B,£,£
22MM,COPPER PIPE x 2M,1,N/A,,,,GF M 001,,1,FROM S.B,£,£
22MM,COPPER PIPE x 1.5M,1,N/A,,,,GF M 001,,1,FROM S.B,£,£
M8,M8 THREADED BAR x 1.4M,1,N/A,,,,GF M 001,,1,FROM S.B,£,£
M10,M10 THREADED BAR x 1.5M,1,N/A,,,,GF M 001,,1,FROM S.B,£,£
M10,M10 THREADED BAR,11,N/A,,,,GF M 001,,11,,£,£
M12,M12 THREADED BAR x 1M,103,N/A,,,,GF M 001,,103,,£,£
M16,STAINLESS STEEL THREADED BAR x 470MM,40,N/A,,,,GF M 001,40 - A99,0,FROM A54,£,£
1 CORE,1 CORE 35MM CABLE,20M,,,,,PALL 001,,20M,,£,£
1 CORE,1 CORE 1.5MM SWA CABLE,40M,,,,,PALL 001,40M-A72,0,,£,£
2 CORE,2 CORE 1.5MM SWA CABLE,20M,N/A,000817411002,25/01/2018,A72,PALL 001,6-A54  6-A72  10-A75  5-A88  2-A96  6 - B32,20M,PO002792,£,£
2 CORE,2 CORE 1.5MM SWA CABLE,48M,,,,A96,PALL 001,,48M,,£,£
2 CORE,2 CORE 2.5MM SWA CABLE,10M,,,,A72,PALL 002,,10M,,£,£
2 CORE,2 CORE 4MM SWA CABLE,10M,,,,,PALL 002,,10M,,£,£
2 CORE,2 CORE 6MM SWA CABLE,350M,,,,A88,PALL 002,,350M,,£,£
2 CORE,2 CORE 6MM SWA CABLE,40M,,,,,PALL 002,,40M,,£,£
3 CORE,3 CORE 2.5MM SWA CABLE,40M,,,,A88,PALL 003,,40M,,£,£
3 CORE,3 CORE 2.5MM SWA CABLE,10M,,,,A96,PALL 003,,,,£,£
3 CORE,3 CORE 4MM SWA CABLE,15M,,,,A96,PALL 003,,15M,,£,£
4 CORE,4 CORE 2.5MM SWA CABLE,50M,,,,A75,PALL 004,,50M,,£,£
150MM,ALUMINIUM 150MM CABLE,,,000769828001,09/05/2017,A72,PALL 004,6-A54  6-A72  10-A75  5-A88  1-A96  6 - B32,,PO002101,£,£
200MM,STRANDED ALU. 200MM RED CABLE,50M,,,,,PALL 005,50M - A99,0,FROM S.B,£,£
,FIBRE CABLE,60M,,,,A75,PALL 005,,60M,,£,£
300MM,300MM GREEN/YELLOW CABLE,5M,,,,,PALL 006,5-A72,0,FROM S.B,£,£
300MM,300MM GREEN/YELLOW CABLE,3M,,,,,PALL 006,3-A54,0,FROM S.B,£,£
240MM,240MM GREEN/YELLOW CABLE,60M,,,,A75,PALL 006,,60M,,£,£
50MM,50MM GREEN/YELLOW CABLE,4M,,,,,PALL 006,,4M,,£,£
25MM,25MM GREEN/YELLOW CABLE,15M,,,,A75,PALL 006,,15M,,£,£
16MM,16MM GREEN/YELLOW CABLE,200M,,,,A54,PALL 006,,200M,,£,£
16MM,16MM GREEN/YELLOW CABLE,16M,,,,A75,PALL 006,16M - A99,0,,£,£
16MM,16MM GREEN/YELLOW CABLE,12M,,,,A96,PALL 006,12M - A99,0,,£,£
16MM,16MM GREEN/YELLOW CABLE,5M,,,,,PALL 006,,5M,,£,£
16MM,16MM GREEN/YELLOW CABLE,3M,,,,,PALL 006,,3M,,£,£
240MM,240MM BLACK COPPER CABLE,40M,,,,A75,PALL 007,,40M,,£,£
240MM,240MM BLACK COPPER CABLE,30M,,,,A75,PALL 007,,30M,,£,£
7 CORE,7 CORE 1.5MM SWA CABLE,35M,,,,A88,PALL 008,,35M,,£,£
,12 CORE 1.5MM SWA CABLE,10M,,,,,PALL 009,10M-A72,0,FROM A75,£,£
,12 CORE 1.5MM SWA CABLE,12M,,,,A72,PALL 009,,12M,,£,£
,12 CORE 1.5MM SWA CABLE,50M,,,,A88,PALL 009,,50M,,£,£
,12 CORE 2.5MM SWA CABLE,12M,,,,A72,PALL 009,,12M,,£,£
,0.75MM 1 PAIR TWISTED CABLE BLACK,630M,,,,A88,PALL 010,,630M,,£,£
,,,,,,A54,PALL 011,,,FROM A54,£,£
MDPE25/44KV,120MM XLPECWS 83MM CABLE,134M,,,,,PALL 012,"54M - A54, 60M - B16",20M,FROM WATFORD,£,£
,,,,,,B57,PALL 013,,,,,
,,,,,,B32,PALL 014,,,,,
,,,,,,B32,PALL 015,,,,,
,,,,,,B45,PALL 016,,,,,
,,,,,,,,,,,,
,,,,,,,,,,,,
,,,,,,,,,,,,
,,,,,,,,,,,,
,,,,,,,,,,,,
,,,,,,,,,,,,
,,,,,,,,,,,,
,,,,,,,,,,,,
,,,,,,,,,,,,
,,,,,,,,,,,,
,,,,,,,,,,,,
,,,,,,,,,,,,
,,,,,,,,,,,,
,,,,,,,,,,,,
,,,,,,,,,,,,
,,,,,,,,,,,,
,,,,,,,,,,,,
,,,,,,,,,,,,
,,,,,,,,,,,,
,,,,,,,,,,,,
,,,,,,,,,,,,
,,,,,,,,,,,,
,,,,,,,,,,,,
,,,,,,,,,,,,
,,,,,,,,,,,,
